clean_name,clalit,maccabi,meuhedet,leumit
'ר אוהד סגל,0,0,0,0
'ר אלוירה גור לאוטמן,0,0,0,0
'ר רון גרינברג,0,0,0,0
(nd) איגור פורטנוי,0,0,0,0
assadi.clinic ·  עומר דיאב אסדי,0,0,0,0
elite physio,0,0,0,0
enigma beauty - אניגמה ביוטי,0,0,0,0
ikon esthetics,0,0,0,0
impression by ml,0,0,0,0
liverscan clinic - בדיקת פיברוסקאן,0,0,0,0
sharon clinic - שרון קליניק,0,0,0,0
smile care - ד״ר מג'ד אבו רקיה,0,0,0,0
trust - בית לפיזיותרפיה,1,0,0,0
אבו ג׳בל תאיר,0,0,0,0
אבו חוסין היבה,0,0,0,0
אבי אדם כהן,0,0,0,0
אבי אהרונוביץ,0,0,0,0
אבי אלגום,0,1,0,0
אבי בן שבת,0,0,0,0
אבי ברכר,1,0,0,0
אבי גולדפרב,1,0,1,1
אבי כהן,0,1,1,1
אבי פלנר,0,0,0,0
אבי רשף,1,1,0,1
אבי שני,0,0,0,0
אביאל חדד,0,1,0,0
אביב גור,0,0,0,0
אביבית שוהם,0,0,0,0
אביגיל אלקס דבי,0,0,0,0
אבידן לרון - מרכז מומחים לרון,0,0,0,0
אביה רוזנטל,0,0,0,0
אביטל אבריאל,0,1,0,1
אביטל גלאובך,0,0,0,0
אביטל יוסף,0,0,0,0
אביעד גרביץ,1,0,0,0
אביעד הדר,0,0,0,0
אביעד הופמן,0,0,0,0
אביעד וילנסקי,0,0,0,0
אביקם הראל,1,0,1,1
אבירם זיילר,0,0,0,0
אבירם מאיר - מרפאות טיפול בחיוך,0,0,0,0
אבישי וינברגר,0,0,0,0
אבישי שטל-אלטמן,0,0,0,0
אבנר בר דיין,0,1,0,0
אבנר הוסטובסקי,1,1,0,1
אבנר חורי,0,0,0,0
אברהם אברג'ל,0,0,0,0
אברהם אלטרגוט,1,1,1,1
אברהם אמיר,0,0,0,0
אברהם לוי,0,0,0,0
אברהם פינקלמן,0,0,0,0
אברהם צצשוילי,1,0,0,1
אברי רווה,0,0,0,0
אדוארדו שכטר,0,1,0,0
אדווה מנסורה,1,0,1,0
אדים ראבי,0,0,0,0
אדם אבו עביד,0,1,0,0
אדם ארנרייך,0,1,0,0
אדם דלאל,0,0,0,0
אדם לאוב,0,0,0,0
אדם פינחסוב,0,0,0,0
אדם פרקש,0,0,0,0
אדמית בן חיים קדוש,0,0,0,0
אדנטיקה סמייל - adentica smile,0,0,0,0
אדריאן טודור,0,0,0,0
אדריאנה דל גיגליו,0,0,0,0
אהוד (אודי) רייך,0,0,0,0
אהוד ברג,0,0,0,0
אהוד גנסין,0,0,0,0
אהוד גרינשטין,0,1,0,0
אהוד דרוקר,0,0,0,0
אהוד זיגמונד,0,0,0,0
אהוד מילר,0,1,0,1
אהוד רוזיצקי,0,0,0,0
אהוד רז,0,0,1,0
אהרון בני nd r.na,0,0,0,1
אהרון ליברזון,0,0,0,0
אהרון מדינה,1,1,0,0
אהרון עמיר,0,0,0,0
אוֹרָן צומן,0,0,0,0
אואנה מאייר,0,0,0,0
אודי ארגז,1,1,0,0
אודי ארד,0,0,0,0
אודי גרימברג,0,0,0,0
אודי חורין,0,0,0,0
אודי מאור,1,1,0,0
אוהד בן נון,0,1,0,0
אוהד בן צבי,0,0,0,1
אוהד ברוכין,0,0,0,0
אוהד כץ,0,0,0,0
אוהד עזרא,0,0,0,0
אוהד שושני,0,0,0,0
אוהד שחר,0,0,0,0
אוהד תומר,0,0,0,0
אווה דדוש,1,1,0,0
אולג דוחנו,0,0,0,0
אולג לוי,0,1,0,0
אולגה איילה פורר,0,0,0,0
אולגה בסאילוב,0,0,0,0
אולגה ברקאי,0,0,0,0
אולגה ניקולאיבסקי,0,0,0,0
אולגה פקר,0,0,0,0
אולגה צ'רניאק,0,0,0,0
אולגה קפוש,0,1,1,0
אולה גוטצייט,0,0,0,0
אולחוב ז'אנה,0,1,0,0
אוליבר קרייגר,0,0,0,0
אוליסיה ראוכורגר,0,0,0,0
אולסיה פרולוב,0,0,0,0
אוסאמה ג׳רוס,0,0,0,0
אוסאמה כמאל,0,0,0,0
אוסנת אלישיב,0,1,0,0
אופיר אורי,0,0,0,0
אופיר אלאלוף,0,0,0,0
אופיר בן-גל,0,1,0,0
אופיר בן-ישי,0,1,0,0
אופיר וסיאל פרומוביץ׳,0,0,0,0
אופיר לוי,0,0,0,0
אופיר ליבנה,0,0,0,0
אופיר מורג,0,0,0,0
אופיר פז,1,1,0,0
אופיר שיר-עז,0,0,0,0
אופירם אלישע,0,1,1,1
אוקסנה גרשנוב,0,0,0,0
אוקסנה נייזוב,0,0,0,0
אוקסנה פינקל,0,0,0,0
אור דלח,0,0,0,0
אור יריב,1,0,0,1
אור כרמי,0,0,0,0
אור להב מיה,0,0,0,0
אור עמית,0,0,0,0
אור תומר,1,1,1,1
אוראל עסיס יוסף,0,0,0,0
אורגד רוזנבלט,0,0,0,0
אורון מדרסים בע״מ,0,0,0,0
אורי איל,1,1,1,1
אורי איתן,0,0,0,0
אורי אלקן,0,0,0,1
אורי ארליך,0,0,0,0
אורי ברגר,0,0,0,0
אורי ברלינר,0,1,1,1
אורי גור,0,1,0,0
אורי הוכברג,0,0,0,0
אורי וטורי,0,0,0,0
אורי חדש,0,1,1,1
אורי לינדנר,1,0,1,0
אורי ניצן,0,0,0,0
אורי פלג,1,1,0,1
אורי פרקש,1,0,1,1
אורי קינן,0,0,0,0
אורי שולמן,0,0,0,0
אורי שייר,0,1,1,0
אוריאל אבידן,0,0,0,0
אוריאל גיבנבר,0,0,0,0
אוריה מורן,0,0,0,0
אורית גולן,0,0,0,0
אורית סמואל,0,0,0,0
אורית קרני רחקוביץ',0,0,0,0
אורית שכטר,0,0,0,0
אורית שקרצי-עמר,0,0,0,0
אורלי אלדר פרידמן,1,1,1,0
אורלי ליאור,0,0,0,0
אורלי פוזאילוב,0,0,0,0
אורלי שפירא,0,0,0,0
אורן אלדר,0,0,0,0
אורן בן לולו,1,1,1,1
אורן בנימיני,0,0,0,0
אורן גולדן,0,0,0,0
אורן גולדשטיין,1,0,0,0
אורן גל,0,0,0,0
אורן ויסמן,0,0,0,0
אורן זלוטניק,0,0,1,0
אורן כץ,0,0,0,0
אורן מונבז,0,0,0,0
אורן עובדיה,0,0,1,0
אורן פרדמן,0,0,0,0
אורן צביאלי,1,0,1,0
אורן שכטר,0,0,0,0
אורנה אפשטיין,0,0,0,1
אורנה כץ קדוש,0,0,0,0
אורנה לוינסון-תבור,0,0,1,0
אורנה לנדאו דה שליט,0,0,0,0
אורנה מירמוביץ,0,0,0,0
אורנלה אפלשטיין,0,0,0,0
אושר כהן,1,0,0,1
אושרי בראל,0,1,0,0
אושרי וסרצוג,0,0,0,0
אושרית ברט שיינין,0,0,0,0
אושרת קסטל,0,0,0,0
אחיה אמיר,0,0,0,1
אחיהוד בנדט,0,0,0,0
אחמד אבו אליונס,0,0,0,0
אחמד אסדי,0,0,0,1
אחמד ג'מהור,1,1,1,1
אחמד ספדי,0,0,1,0
אחמד שהואן,0,0,0,0
אחמט נמזוב,0,0,0,0
איאד אבו חוסין,0,0,0,0
איברהים בסול,0,0,0,0
איגור גרש,1,1,1,0
איגור דובקין,0,0,0,0
איגור יגוב,1,1,0,0
איגור מנביץ',1,1,1,0
איגור נימרובסקי,0,0,0,0
איגור קזנסקי,0,1,0,1
איגור קלמן,0,0,0,0
איהאב סיאם,0,0,0,0
איהם מסארוה,0,0,0,0
איזבלה יפרמנקו-יוסים,0,0,0,0
אייל אטלני,0,0,0,0
אייל אקרמן,0,0,0,0
אייל גנסין,0,1,0,0
אייל הלר,0,0,0,0
אייל הנדלר,0,1,0,0
אייל זיפמן,0,0,0,0
אייל חסידים,0,1,1,0
אייל כהן,0,0,1,0
אייל מלכה,0,0,0,0
אייל מעוז הלוי,0,0,0,0
אייל מרכדו,0,0,0,0
אייל רוזנטל,0,0,0,0
אייל רום,0,1,0,0
אייל רמו,0,1,0,0
אייל שפירא,0,0,0,0
איילת אולך,0,0,0,0
איילת דנגוט,0,0,0,0
איילת מדברי,0,1,0,0
איילת שי,0,0,0,0
איימן שיבאן,0,0,0,0
איל ביז'אוי,0,0,0,0
איל בן בסט,0,0,0,0
איל ברבלק,0,1,1,1
איל זוהב זגדנסקי,0,0,0,0
איל יעקבי,0,1,1,0
איל קליינהנדלר,0,0,0,0
איל רוסו,0,0,0,1
אילה אולמר,1,0,0,0
אילה שפירר וייל,0,0,0,0
אילון להט,0,0,0,0
אילי ליוס,0,0,0,0
אילי קייס,0,0,0,0
איליה טרחטנברוייט,0,0,0,0
איליה ליטובצ'יק,0,0,0,0
איליה מושייב,0,0,0,0
איליה מסלקוב,0,0,0,0
איליה פרוסו,1,1,1,0
אילן אליה ויינר,0,0,0,0
אילן בלאו,0,0,0,0
אילן וולקוב,0,0,0,0
אילן וסרמן,0,1,0,0
אילן זהבי,1,0,0,1
אילן מדר,0,0,0,0
אילן פלדמן,0,1,1,1
אילן פריאל,0,0,0,0
אילן קליין,1,1,0,0
אילן קנט,0,0,0,0
אילנה האס,1,1,0,0
אילת פריאל,0,1,0,0
אימפקט קליניק,1,0,0,0
אינאס צפורי,0,0,0,0
אינה בלייכר,0,0,0,0
אינה המר לוין,0,0,0,0
אינה לוין,0,0,0,0
אינה סדצקי,0,0,0,0
אינה סלבוטסקי,0,1,0,0
אירה פלוטניק,0,0,0,0
אירינה פיינברג,0,1,0,1
איריס יעיש,0,0,0,0
אירית קופרשמיט,0,0,0,0
אירית שחם,0,0,0,0
אירמה ואן דה פיש,0,0,0,0
אירנה אלון,0,0,0,0
אירנה ז'יבליוק,0,0,0,0
אירנה קלדס,0,0,0,0
אירנה שטיין,0,0,0,0
איתי אופיר,0,0,0,0
איתי ביאר,0,0,0,0
איתי הולצר,1,0,1,0
איתי ורדי,0,0,0,0
איתי זאבי,0,0,0,0
איתי זילברמן,0,0,0,0
איתי יגל,0,0,0,0
איתי לביא,1,1,1,1
"איתי סבלר, מנהל יחידה",0,0,0,0
איתי סקורניק,0,0,0,0
איתי פלג,0,0,0,0
איתי רון גל,0,0,0,0
איתי שגיא,1,0,0,0
איתי שוורץ,0,0,0,0
איתי שטרנברג,1,0,1,0
איתי שיין,0,0,0,0
איתי שקולניק,0,0,0,0
איתמר גנמור,0,0,0,0
איתמר זילברמן רון,0,0,0,0
איתמר פלדמן,0,0,0,0
איתמר רוזן,0,0,0,0
איתן בלומר,0,0,0,0
איתן ברמן,0,0,0,0
איתן הלדנברג,0,0,0,0
איתן טובי,0,0,0,0
איתן סביר,0,0,0,0
אלאייב עמנואל,0,0,0,0
אלגית ישורון,0,0,0,0
אלדד אדלר,0,0,0,1
אלדד כץ,0,0,0,0
אלדד שרון,0,0,0,0
אלדר ברקוביץ,0,0,0,0
אלדר וולפרט,0,0,0,0
אלדר כרמל,0,0,0,0
אלדר רוזנפלד,0,0,0,0
אלה אגוזי-המרכז לרפואת עור ואסתטיקה,0,0,0,0
אלה גורדון,0,0,0,0
אלה לוקיץ,0,0,0,0
אלה ממלין,0,0,0,0
אלה קוזמינסקי,0,0,0,0
אלה רוזנטל,0,0,0,0
אלווירה (אלה) קוברינסקי,0,0,0,0
אלון בורג,0,0,0,0
אלון ברקוביץ,0,0,0,0
אלון דוידזון,0,0,0,0
אלון הימן,0,0,0,0
אלון זיידמן,0,0,0,0
אלון טור,0,0,0,0
אלון טל,0,1,1,0
אלון לירן,0,0,0,0
אלון מנשה ראובני,1,0,0,0
אלון מרקוביץ,0,0,0,0
אלון סטפנובסקי,0,0,0,0
אלון קובו,0,0,0,0
אלון רם,0,0,0,0
אלון שלב pain clinic,0,0,0,0
אלון שניידר nordica clinic,0,0,0,0
אלונה יעקובי,0,0,0,0
אלחנדרו זובריסקי – פיזיותרפיסט מוסמך | recovery tlv,1,0,0,0
אלטייב אגבאריה,1,0,0,0
אלי דולב,0,0,0,0
אלי דריזין,0,0,1,0
אלי סידון,1,1,0,0
אלי ספיר,0,0,1,1
אלי פרנצלאו,0,0,0,0
אלי קקיאשוילי,1,0,1,0
אלי רוזנפלד,0,0,0,0
אליאס חדאד,1,1,0,0
אליאס חילו,1,0,1,1
אליאס מזאוי,0,1,0,0
אליאס מטאנס,0,1,1,0
אליאס מנסא,0,1,0,0
אליהו אליאב,0,0,0,0
אליהוא הופמן,0,0,0,0
אליזה טיומני,0,0,0,0
אלינה ואטמאכר,0,0,1,0
אלינה לוזינסקי,0,0,0,0
אלינה סגל,0,0,0,0
אליסון זרומב,0,0,0,0
אליק אהרוני - מכון מבט אולטרסאונד רפואי,0,0,0,0
אליק רוזנפלד,0,1,1,0
אלירן יעקבי,0,0,0,0
אלישע פרדמן,0,0,0,0
אלכס אברמסון,0,0,0,0
אלכס בבין,0,0,0,0
אלכס בושוי,0,1,1,0
אלכס ברודסקי,0,0,1,0
אלכס ברמנט,0,1,0,0
אלכס לבנברג,0,0,0,0
אלכס לוונטל,1,1,0,0
אלכס סוצקובר,0,0,1,1
אלכס פרוצנקו m.sc.pt - פיזיותרפיה ושיקום ביתי ממוקד תוצאות,1,0,0,1
אלכס קפלן,0,0,0,0
אלכס קראוטהמר,0,0,0,0
אלכס רבינוביץ,1,1,0,0
אלכסיי חייטון,0,0,0,0
אלכסיי רוביצקי,0,1,1,0
אלכסנדר בלינקי,0,0,0,0
אלכסנדר גרניאק,0,0,0,0
אלכסנדר חייפץ,1,1,0,1
אלכסנדר חייקין,0,0,0,0
אלכסנדר למברג,0,0,0,0
אלכסנדר מאליי,0,0,0,0
אלכסנדר מגזניק,0,0,0,0
אלכסנדר ספיבק,0,0,0,0
אלכסנדר קובל,0,1,0,0
אלכסנדר קוריטני,0,0,0,0
אלכסנדרה ביתן,0,0,0,0
אלכסנדרה בראון,0,0,0,0
אלכסנדרה גרינברג,0,0,0,0
אלמוג בן יעקב,0,0,0,0
אלמוג לוי,0,0,0,0
אלמוג סלוקי,0,0,0,0
אלן ביליג,0,0,0,0
אלן ענר,0,0,0,0
אלנה דיקופולצב,0,0,0,0
אלעד מרום,0,0,0,0
אלק איצקזון,0,0,0,0
אלקסיה בוקריס טולדנו,0,0,0,0
אלקסיס קרלין,0,0,0,0
אמאנדא ספורי,0,0,0,0
אמג'ד ח'ורי,0,0,0,0
אמג'ד חמד,0,0,0,0
אמג׳ד ביידוסי,1,1,1,1
אמיל דאמוני,0,0,0,0
אמין בוחארי,0,0,0,0
אמין ביאדסה,0,1,0,0
אמין מטאנס,0,0,0,0
אמין שעלאן,0,0,0,0
אמיר אורון,1,0,0,1
אמיר אמיתי,1,0,1,1
אמיר אקדם,0,0,0,0
אמיר אשדות,0,0,0,0
אמיר אשקר,0,0,0,0
אמיר ביאדסה,0,0,0,0
אמיר בן טוב,0,1,1,1
אמיר גרה,0,0,0,0
אמיר דגן,0,0,0,0
אמיר השרוני,1,1,1,0
אמיר וינטראוב,1,1,1,1
אמיר ויס,1,0,0,0
אמיר חדייר,0,1,1,1
אמיר חיים אליהו,0,0,0,0
אמיר חמד,0,0,0,0
אמיר טנאי,1,0,0,0
אמיר לביא,0,0,0,0
אמיר מנאע,0,0,0,0
אמיר סוכר,0,0,0,0
אמיר עבד אלקאדר,0,0,1,0
אמיר עובדיה,0,0,0,0
אמיר עינבל,0,0,0,0
אמיר קורן,0,0,0,0
אמיר קליין,0,0,0,0
אמיר שטרנהיים,0,0,0,0
אמיר תותרי,0,0,0,1
אמנון איתן,0,0,0,0
אנבל ארון מאור,0,0,0,0
אנג'י ארשיד,0,0,0,0
אנג'ליקה אבו וסאל,0,0,0,0
אנדי בויאנג'ו,0,0,0,0
אנדרה וייסמן,0,0,0,0
אנדרו פינק,0,1,1,1
אנדרי אופק,0,1,0,0
אנדרס סילברפיש,0,0,0,0
אנה אהרונוביץ,0,0,0,0
אנה אידלסון,1,1,0,0
אנה אשכול,0,0,0,0
אנה בלכר,1,0,1,0
אנה זיידין,0,0,0,0
אנה זנקוביץ׳,0,0,0,0
אנה ירפולוב,0,0,0,0
אנה פוליאקובה,0,0,0,0
אנה פטרוסב,0,0,0,0
אנה קונצביץ׳,0,0,0,0
אנה שחם,0,0,0,0
אנואר מנסור,0,0,0,0
אנטולי סימנובסקי‎,0,0,0,0
אנטון וול,0,0,0,0
אנטון וורשבסקי,0,0,0,0
אנטון קבאשה,0,0,1,0
אנטוני נפתלי,0,0,0,0
אני ארוטוניאן,0,0,0,0
אניה וקסלר פייגין,0,1,1,1
אניס כלדאוי,1,1,1,0
אנסטסיה דמיחובסקיה,0,0,0,0
אסדי עלי,0,0,0,0
אסותא אופטיק,1,1,1,1
אסי מילויצקי,0,0,0,0
אסנת גדליה מעין,0,1,0,0
אסנת גרינשטיין-קורן,0,1,0,0
אסנת וונדי,0,0,0,0
אסנת זמורה-בלוססקי,0,0,0,0
אסנת רזיאל,0,1,1,1
אסעד אליאס,0,0,0,0
אסעד דראושה,1,0,1,0
אסעד חורי,1,0,0,0
אסף אולשינקה,0,0,0,0
אסף אורן,0,0,0,0
אסף אלבגלי,0,1,1,0
אסף אפשטיין,0,0,0,0
אסף ארז,0,0,0,0
אסף בוגן,0,0,0,0
אסף ביבס,0,0,0,0
אסף בר,0,1,0,0
אסף יששכר,1,0,0,0
אסף לבנון,1,0,0,0
אסף עזרא-יעל,0,0,0,0
אסף פרסיץ,0,0,0,0
אסף שלי,0,0,0,0
אסף שליבקוביץ,0,0,0,0
אסתי דנוס,1,0,0,0
אסתי כהן,0,0,0,0
אסתר כהן הרשקוביץ,0,0,1,0
אסתר ליפסקר,0,0,0,0
אסתר רובינראוט,0,1,0,1
אפי גבריאלוב,0,0,0,0
אפי כזום,1,1,0,0
אפי שרלין,0,0,0,0
אפיק - מכון רנטגן דנטלי,0,0,0,0
אפרים ברקו,0,1,0,0
אפרים כץ,0,0,0,0
אפרת בר אילן,0,0,0,0
אפרת ויזל,0,0,0,0
אפרת חדי,0,0,0,0
אפרת חיה קופראק,0,0,1,0
אפרת פלייסיג,0,1,0,1
אפרת שמואלי,0,0,0,0
אפרת שפיגל,1,0,0,1
אראל יפה   -   erel joffe md,0,0,0,0
אראם כיואן - מרכז בדיקות לסחרחורת ושיווי משקל balance labs,0,0,0,0
ארז ירדן,1,1,1,0
ארז לוי,0,0,0,0
ארז מרקוסון,0,0,0,0
ארז רמתי,0,1,0,0
ארי גליקמן,0,0,0,0
ארי מוסנקיס,0,0,0,0
ארי רייס,0,1,0,0
ארי רפאל,0,0,0,0
ארי שרון,0,0,0,0
אריאל אביב,0,0,0,0
אריאל אורן,0,0,0,0
אריאל ארבל,0,0,0,0
אריאל בנסון,1,0,1,0
אריאל בר,0,0,0,0
אריאל גולן,0,0,0,0
אריאל גימפל,0,0,0,0
אריאל זילברליכט,1,1,0,1
אריאל זיסמן,0,0,0,0
אריאל טיסונה,0,0,0,0
אריאל טננבאום,0,0,0,0
אריאל מרגוליס,0,0,0,1
אריאל ניימן,0,1,1,0
אריאל פולונסקי,0,1,0,0
אריאל פורמן,0,1,0,1
אריאל שאמי,1,1,0,0
אריאלה הפנר,1,0,1,1
אריאלה פורטנוי הידש,0,0,0,0
אריה גורדין,0,1,1,0
אריה גרובר,0,0,0,0
אריה גרינברג,1,1,0,0
אריה יפה,0,0,0,0
אריה שטבון,0,0,0,0
אריק בראל,0,0,0,0
אריק זרצקי,0,0,0,0
אריק ליטוין,0,0,0,0
אריק מובשוביץ,0,0,0,0
אריק רמר,0,0,0,0
אריקה כהן,0,0,0,0
אריקה ששון,0,0,0,0
ארנולד ליבשיץ,0,0,0,0
ארנון אגמון,0,0,0,0
ארנון בורנשטיין,0,0,0,0
ארנון קורן,1,0,0,0
ארנסטו שכנר,0,0,0,0
ארקדי אברהם רחמנוב,0,0,0,0
ארקדי גנדלמן,0,0,0,0
ארקדי פלדמן,0,0,0,0
ארתור קרנר,0,0,0,0
אשקר מגדי,0,0,0,0
אשרף ח'אטר,1,0,1,1
אשרף תמימי,1,1,1,1
אשרת טייר-שיפמן,0,0,0,0
אשרת רביב,0,0,0,0
אתגר שילה,0,0,0,0
אתי פיורה,0,0,0,0
אתי שפיגל,0,0,0,0
באדר עבד אלחלים,0,0,0,0
באסל בראנסה,0,0,0,0
באסל גבארין,0,1,0,0
באסל חטיב,0,0,0,0
בדיקת ct,0,0,0,0
בדיקת mri,0,0,0,0
בדיקת pet-ct,0,0,0,0
בדיקת מיפוי עצמות (spect),0,0,0,0
בדיר עבדול עזיז,0,0,0,0
בדראן בדראן,1,1,1,0
בהא חאג' יחיא,0,0,0,0
בהא חלבי,0,0,0,0
בהאא סיאם,0,0,0,0
בועז גרנות,1,0,0,0
בועז ליברמן,0,1,1,1
בוריס פרידמן,0,0,0,0
בוריס צ'וטקו,0,0,0,0
ביאדר בלאל,1,0,0,0
ביאנקה רוזנברג-הגן,0,0,0,0
ביוטק סמייל - biotec smile,0,0,0,0
בינה כהן סחר,0,1,0,0
בינה קישנר,0,0,0,0
בינימין רוזן,0,1,0,1
בכר ג'ואברה,0,0,0,0
בכר עסלי,0,0,0,0
בלה קויפמן,0,0,0,0
בן עמית,0,0,0,0
בן פריסט,0,0,0,0
בן שדה,0,0,0,0
בנדר בנימין,0,1,1,0
בני ברנט,0,0,0,0
בני וגנר,0,0,0,0
בני עוז ארי,0,0,0,0
בני פיינר,1,1,0,1
בני פרדמן,0,0,0,0
בני צוקרמן,0,1,0,0
בנימין ארונוף,0,0,0,0
בנימין ברנפלד,1,1,1,1
בנימין הלוי,1,0,0,0
בנימין פדידה,1,0,1,0
בנימין קיש,1,0,1,1
בנימין רסקין,0,0,0,1
בנימין שטרן,1,1,1,1
בסאילוב טל,0,0,0,0
בעז אלעד,0,0,0,0
בעז שיזף,1,1,1,1
ברוך הלל,0,0,0,0
ברונו קריינר,0,0,0,0
ברי,0,0,0,0
ברי אושרין,0,0,0,0
ברי דנינו,0,0,0,0
ברנרד (ברוך) דוידוביץ,1,0,0,0
ברנרד דהן,0,0,0,0
ברנרדו מלמוד,0,1,1,0
ברק בר זכאי,0,1,1,1
ברק לוריא,0,0,0,0
ברק סטוצ'ינר,1,0,0,0
ברק רינת,1,1,0,0
בשארה הלון,0,0,0,0
בשיר חדאד,0,0,0,0
בת שבע מרקוס,0,0,0,0
ג'ואד עאבד,0,0,0,0
ג'ונא חכים,0,0,0,0
ג'וניה אלשיק,1,0,1,1
ג'ורג גרינברג,0,1,0,0
ג'ורג' סאבא,0,0,0,0
ג'יי מדיקל מכון eeg,0,0,0,0
ג'יימס שאול,1,0,0,0
ג'יריס שחאדה,0,0,0,0
ג'ניפר קפלן,0,0,0,0
ג'רי כהן,0,0,0,0
ג'רמי בן-שושן,0,0,0,0
ג'רמי מולד,0,0,0,0
ג'רמי נידם,0,0,0,0
גבי הרן,0,1,0,0
גבי שמש,1,0,1,0
גבע לנדאו,0,0,0,0
גבריאל גוטמן,0,0,1,0
גבריאל גל,0,0,0,0
גבריאל ליכטנשטיין,0,0,0,0
גבריאל סמל,0,0,0,0
גד ולן,1,1,0,1
גד לוטן,0,1,1,1
גד מרום,1,1,1,1
גד נוימן,1,0,0,0
גדי אלגר,0,0,0,0
גדי אלון,0,0,0,0
גדי בן שטרית,0,1,0,0
גדי צוינגל,0,0,0,0
גדי שלומאי,0,0,0,0
גדי שניידר,0,0,0,0
גדעון בורשטין,0,0,0,0
גדעון סרוקה,0,0,0,0
גדעון פול,0,0,0,0
גוברין,0,0,0,0
גולדה גרינבלט,0,0,0,0
גוליאן אנקווה,0,0,0,0
גונן סיבוני,0,0,0,0
גור בן יהודה,0,1,0,0
גיא אלמוג,0,0,0,0
גיא ביבי,1,0,0,0
גיא בר משה,0,0,0,0
גיא גוטמן,0,0,0,0
גיא הס,0,0,0,0
גיא לוי,0,0,0,0
גיא מעוז,0,1,1,0
גיא מרסיאנו,1,1,0,0
גיא נחמני,0,0,0,0
גיא סיאני,0,0,0,0
גיא פייגין,1,1,0,0
גיא פלדמן,0,0,0,0
גיא פרידמן,0,0,0,0
גיא פררו,0,0,0,0
גיא קארו - סיגל,0,0,0,0
גיא רסנר,0,0,0,0
גיא שלום,0,0,0,0
גיא שרים,0,0,1,0
גיא תם,0,1,1,0
גידי פייט,0,0,0,0
גיל באר,0,0,0,0
גיל בן יעקב,0,0,0,0
גיל גנוט,1,1,0,0
גיל גנות,1,0,0,0
גיל ירושלמי,1,0,0,0
גיל לאופר,0,0,0,0
גיל להב,0,0,0,1
גיל סלוצקי,0,0,0,0
גיל פומפ,0,0,0,0
גיל פיכמן,0,1,0,0
גיל פרץ,0,1,1,0
גיל רחניאן,0,0,0,0
גיל רפלוביץ,0,0,0,0
גיל רצ’בסקי,0,0,0,0
גיל שכטר מאור,1,0,0,0
גילה נלקנבאום איזמן,0,0,0,0
גילי ברק אסלנוב,0,0,0,0
גילי טסלר,0,1,0,1
גל אבישי,0,0,0,0
גל ברקאי,1,1,1,1
גל גרוס,0,0,0,0
גל וינריב,0,0,0,0
גל ולנשטין,0,0,0,0
גל מיכאלי-גלר,0,0,0,0
גל רינות מזרחי,0,0,0,0
גלב מוצ'לוב,0,1,0,1
גלי בוך,0,0,0,0
גלי גרמי,0,0,0,0
גלי זיסמן,0,0,0,0
גלי פרוינד,0,0,0,0
גליה לוי,0,0,0,0
גלינה קופרבלום,0,0,0,0
גלינה רוסטמי,0,0,0,0
גלית אבינועם דר,0,0,0,0
גלית ישראלי,0,0,0,0
גלית לבנת-לבנון,1,1,0,0
גלית שניר,0,0,0,0
גלעד בר דיין,0,0,0,0
גלעד דביר,0,0,0,0
גלעד חמדני,0,1,0,1
גלעד ליבשיץ,1,1,1,0
גלעד פילמר,0,1,0,0
גלעד פיסקוס,0,0,0,0
גלעד קרסנטי,1,0,0,0
גנדי ביטמן,0,0,0,0
גנדי שנדלר,0,0,0,0
גניה אהרון חננאל,0,0,0,0
גנסיס קליניק -  גיא בק,0,0,0,0
גסאן עמל,0,0,0,0
גסן איממלייב,0,0,0,0
גרגורי גולבצ'ינר,1,1,0,0
גרגורי קרפ,0,0,0,0
גרה נשאת,0,0,0,0
גרמן קריידרמן,0,0,0,0
ג׳קלין טרדכמן,0,0,0,0
ג׳רמי לגרנז׳,0,0,0,0
דאיזדה איזק,1,1,1,0
דב אנגלשטיין,1,0,0,1
דב בכר,1,1,1,1
דב שוורץ,0,0,0,0
דבורה כהן,0,0,0,0
דבורה שוורץ-ארד,0,0,0,0
דביר פרויליך,0,0,0,0
דגנית סמואל,1,0,0,1
דוד אברהם פיצ'חדזה,0,0,0,0
דוד אולנובסקי,1,0,0,0
דוד אוריון,0,0,0,0
דוד אזרחי,0,1,0,0
דוד איסקוב,1,1,1,1
דוד בן דוד,0,0,0,0
דוד בן הרוש,0,0,0,0
דוד בן מאיר,0,0,0,0
דוד דנון,0,1,1,0
דוד חגין,0,0,0,0
דוד חובל,0,0,0,0
דוד חן,1,1,0,0
דוד טורקיה,0,0,0,0
דוד טל,0,0,0,0
דוד לביא,0,0,0,0
דוד לניאדו,0,0,0,0
דוד לשם,0,0,0,0
דוד מורגנשטרן,0,1,1,0
דוד מילאטינר,0,1,0,0
דוד מרמור,0,0,0,0
דוד ניקומרוב,0,0,0,0
דוד סמחוב,0,0,0,0
דוד סריד,0,0,0,0
דוד עוזרי,0,0,0,0
דוד קריחלי,1,0,0,0
דוד רוזן,0,0,0,0
דוד רותם,1,0,0,0
דוד שלייפר,1,0,0,0
דודו יגודייב,0,0,0,0
דויד האוזר,1,0,1,1
דויד קרביץ,0,0,0,0
דופש דיאא,0,0,0,0
דור גולומב,0,0,0,0
דור עברון,0,0,0,0
דור פרץ,0,0,0,0
דור קארס,0,0,0,0
דור שחוח,0,0,0,0
דורה שכטר,0,0,0,0
דורון סודרסקי,1,1,0,1
דורון קליין,0,0,0,0
דורון קשת,0,1,0,0
דורון רוזיצקי,0,0,0,0
דורון רוזן,0,0,0,0
דורון שינדל,1,0,0,0
דורון שמעוני,1,0,0,0
דורינה קלש - מרפאת dc,0,0,0,0
דורית פז,0,1,0,0
דורית רביד,1,0,1,0
דיאא זייד,0,0,0,0
דיאנה זולוטניק,0,0,0,0
דיאנה שטיין,0,0,0,0
דיב דאוד,0,0,0,0
דיימיאן אורבן,0,0,0,0
דימיטרי שייניס,1,1,0,1
דין לוטרין,0,1,0,0
דין קרן,0,1,0,0
דינה גופשטיין חיות,0,0,0,0
דינה לויטס,0,0,0,0
דינה רויטמן,0,0,0,0
דינה רייזה כהן,0,0,0,0
דליה חיים,0,0,0,0
דלית דרימן,0,0,0,0
דלית פורת בן עמי,0,0,0,0
דמיטרי אוסטרובסקי,0,0,0,0
דמיטרי איזנשטיין,0,0,0,0
דמיטרי חונוביץ,0,1,0,0
דמיטרי יעקובוביץ',1,0,1,0
דמיטרי לנצט,0,0,0,0
דן אודנהיימר,0,0,0,0
דן אויירו,0,0,0,0
דן אליאן,0,0,0,0
דן אפשטיין,0,0,0,0
דן גבור,0,0,0,0
דן גור,0,0,0,0
דן גורדון,0,0,0,0
דן גרינברג,0,0,0,0
דן הדס,0,0,0,0
דן יניב,0,0,0,0
דן ירדני,0,0,0,0
דן לוין,0,0,0,0
דן ליבובסקי,0,0,0,0
דן מימון,0,0,0,0
דן פטרוניוס,0,0,0,0
דן פרט,0,0,0,0
דן צ'יובוטרו,0,0,0,0
דן צין,0,1,0,0
דן שניידר,0,0,0,0
דן תירוש,0,0,0,0
דנה אמיר-קליין,0,0,0,0
דנה בן-עמי שור,0,0,0,0
דנה כגנסקי,0,0,0,0
דנה כהן שמחי,0,0,0,0
דנה ליבנה,0,0,0,0
דנה שלמון,0,0,0,0
דנטל יוניק dental unique,0,0,0,0
דנטל מדיקל סנטר |  דורון בר חן,0,0,0,0
דני רוטשילד,0,1,0,0
דניאל אופיר,1,1,0,0
דניאל אלון,0,0,0,0
דניאל בן הרוש,0,0,0,0
דניאל הורוביץ,0,0,0,0
דניאל וולטש,0,0,0,0
דניאל ווליך,1,0,0,0
דניאל טרנר,0,0,1,0
דניאל יפית,0,1,1,0
דניאל לוין,0,0,0,0
דניאל מור הדר,0,0,0,0
דניאל מוריינוס,0,0,0,0
דניאל סעידיאן,0,0,0,0
דניאל ספיר,0,0,0,0
דניאל קוטלר,1,0,1,1
דניאל קייזמן,0,1,0,0
דניאל רוזנשטיין,0,0,0,0
דניאל רייף,0,0,0,0
דניאל רפפורט,0,0,0,0
דניאל שי,0,0,0,0
דניאל שינהר,0,0,0,0
דניאלה לוי ארז,0,0,0,0
דניאלה מונטאנו,0,0,0,0
דניאלה נווה,0,1,0,0
דניאלה שבת טאוב,0,0,0,0
דניס קוגן,0,0,0,0
דניס רובינשטיין,1,1,0,0
דפנה ברסוק,0,0,0,0
דפנה יעקבי (שילה),0,0,0,0
דפנה מנספלד,0,0,0,0
דפנה שוחט,0,0,0,0
דקל ויסבלך,0,0,0,0
דר ענת בירמן,0,0,1,0
דר' איתן לויטס,0,0,0,0
דר' דן ליטנר,0,0,0,0
דר' יואב אברהמי,0,0,1,0
דר' משה דודאי - פרופ' משנה לכירורגיה,0,0,0,0
דרור אופיר,0,0,0,0
דרור הרר,0,0,0,0
דרור לינדנר,0,0,0,0
דרור סדן,0,0,0,0
דרורית מרקל,0,0,0,0
דריה מילבסקי,0,0,0,0
דר׳ אודי צינמון,1,0,0,0
ד״ר אביטל ורטהיימר,0,0,0,0
ד״ר אוקסנה סמניוק,0,0,0,0
ד״ר אורן נייזוב,0,0,0,0
ד״ר אייל מור הדר,0,0,0,0
ד״ר אלכס קגן - המרכז לאבחון וטיפול,0,0,0,0
ד״ר אלכסנדר שלמן,0,0,0,0
ד״ר אמיר פשיטיצקי,0,0,0,0
ד״ר אסף דותן,0,0,0,0
ד״ר אריאל הירשהורן,0,0,0,0
ד״ר אריק סגל,0,0,0,0
ד״ר בנגייב - רשת מרפאות שיניים,0,0,0,0
ד״ר גלי שטופמן,0,0,0,0
ד״ר ג׳ורג׳ סאלאמסוב ואילנה אלקובסקי אמרלד אסתטיקס emerald aesthetics,0,0,0,0
ד״ר ג׳סיקה ז״ק דגן,0,0,0,0
ד״ר דן וודוביץ,0,0,0,0
ד״ר דן סודיה,0,0,0,0
ד״ר דנה גלוזמן ויניצקי,0,0,0,0
ד״ר דניאלה קושניר-גרינבאום,0,0,0,0
ד״ר דרור לוינר,0,1,0,0
ד״ר ולרי בילנקו,1,0,0,0
ד״ר זיו פרץ,0,0,0,0
ד״ר חאלד מוחמד,0,0,0,0
ד״ר טליה נתן,0,0,0,0
ד״ר יהונתן ב. גוטליב,0,0,0,0
ד״ר יעל יגור,0,0,0,0
ד״ר יצחק פינחסוב,0,0,0,0
ד״ר לארי ספוזניקוב,0,0,0,0
ד״ר לידר רפאלי ברקוביץ,0,0,0,0
ד״ר לירון קוגן,0,1,1,0
ד״ר מוראד סייד אחמד,0,0,0,0
ד״ר מיה שטיינברג,1,0,0,0
ד״ר מיכאל משה,0,0,0,0
ד״ר מיכל מלול,0,0,0,0
ד״ר מנואל צווקר,0,0,0,0
ד״ר מרינה קמנצקי,0,0,0,0
ד״ר מתי רוזנבלט,0,0,0,0
ד״ר נור חמדאן,0,0,0,0
ד״ר נעם איבשיץ,0,0,0,0
ד״ר נעמה אפרת גלדמן,0,0,0,0
ד״ר סידני סימון,0,0,0,0
ד״ר ספיר פנחס,0,0,0,0
ד״ר עדן דוידוב,0,0,0,0
ד״ר עומרי זידאן,0,0,0,0
ד״ר עמיחי רוזנצוויג,0,1,0,0
ד״ר ענת בן ארי שפירא,0,0,0,0
ד״ר פארוק נאטור,0,0,0,0
ד״ר רוזנה שכטר,0,0,0,0
ד״ר רון בן אליהו,1,0,1,0
ד״ר שיראל דמרי יוספי,0,0,0,0
ד״ר שירה שומר,0,0,0,0
ד״ר שירלי אורן,0,1,0,0
ד״ר תמר בורקובסקי טילמן,0,0,0,0
ד”ר איילת זלוטוגורסקי הורביץ,0,0,0,0
ד”ר ארז נסצקי,0,0,0,0
ד”ר דיאב וליד,0,0,0,0
ד”ר הלית גיא-חן,0,0,0,0
ד”ר יהודית שור וולט,1,0,0,0
ד”ר יהונתן איליא,0,0,0,0
ד”ר יהונתן קפלן,1,1,0,0
ד”ר יובל שפירא,0,0,0,0
ד”ר יניב דותן,0,0,0,0
ד”ר יעל רנרט יובל,0,0,0,0
ד”ר לביב קאקונדה,0,0,0,0
ד”ר לירון מלכא,1,0,0,0
ד”ר מוהנד מסעוד,1,0,0,0
ד”ר מיגל שטיין,0,0,0,0
ד”ר נאיל עבאיה,1,1,0,0
ד”ר נועה גרדוס,0,0,0,0
ד”ר עדי נוסרטי פרצ׳יק,0,0,0,0
ד”ר עדי רובין בן-יואב,0,0,0,0
ד”ר עוז סגל,0,0,0,0
ד”ר עידו שטהל,1,0,0,0
ד”ר עמאד סחניני,1,1,0,1
ד”ר צבי חי ברנע,0,0,0,0
ד”ר רועי הולצמן,0,0,0,0
ד”ר רינה טמיר יניב,1,0,1,0
ד”ר שאדי חאיכ,0,0,0,0
האגף הדנטלי המרכז הרפואי שמיר (אסף הרופא),0,0,0,0
האדי עבוד,0,0,0,0
האני רביע,0,0,0,0
הדס גנץ סורוצקי,0,0,0,0
הדס דורצ'ין אשכנזי,0,0,0,0
הדס מירמברג,0,1,0,0
הדס עופר פרידמן,0,0,0,0
הדר טיטו,0,0,0,0
הדר ישראלי,0,0,0,0
הדר מילוא-רז,0,0,0,0
הדר קולב,0,0,0,0
הדר רשף,0,0,0,0
הוארי מוחמד,0,0,0,0
היבא זערורה,0,1,1,0
היבא מסרי עיראקי,1,0,0,0
הייתם אבו חדיג׳ה‎,1,1,1,0
הייתם אבו נגמה,1,0,0,0
הייתם עוויסאת,0,0,0,0
הילה איסקוב,0,0,0,0
הילה אלפסי,1,0,0,0
הילה אנשל - מכון 'סינפס',1,0,0,0
הילה בוחבוט,0,0,0,0
הילה גולדשטיין,0,1,0,0
הילה חרמון,1,1,1,0
הילה לנדאו,1,0,0,1
הילה קליין,0,0,0,0
הלל שטיינר,0,0,0,0
הלמוט אלר,0,0,0,0
הלן קסטיאל גרין,0,0,0,0
הלנה איגרא,0,0,0,0
הלנה קצמן,0,0,0,0
המחלקה לכירורגיה פלסטית במרכז הרפואי שמיר (אסף הרופא),0,0,0,0
המכון לאולטרסאונד והיריון,0,0,0,0
המרכז הישראלי לרפואת האוזן,1,1,0,1
המרכז הרפואי לטיפול בהשמנה,0,0,0,0
המרכז לבריאות העיניים מדיקל וילג',1,1,1,1
המרכז להשתלות שיניים dw,0,0,0,0
המרכז לטיפול רפואי בהשמנה - פרופ' קמרי,0,0,0,0
המרכז לרפואת שיניים  ותד,0,0,0,0
המרכז לרפואת שיניים ד”ר רפאל חיימוב,0,0,0,0
הנאא חאג' עבאיה,0,1,0,0
הנדי ג'ואד,0,1,0,1
הנרי גירון,0,0,0,0
הראל יעקבי,0,1,0,0
ואדים בנקוביץ,0,0,0,0
"ואיל ח'ורי -  khoury wael, md, mha",0,0,1,1
ואסים משיעל,0,1,1,0
וג'די מהדאוי,0,0,0,0
ודים טשליקוב,0,0,0,0
ודים מקרין,0,0,0,0
ווהבי ווהבי,1,1,1,1
וורן איזקוב,0,0,0,0
ויאוריקה קונדריה,0,0,0,0
ויטה יעקובלב,0,0,0,0
ויטלי אלכסנדרובסקי,1,0,0,1
ויטלי ברש,0,0,0,0
ויטלי מן,0,0,0,0
ויטלי מרצ'נקו,0,0,0,0
וייסמן טוביה,0,0,0,0
ויסאם אנדראוס,0,0,0,0
ויסאם גבן,1,1,1,1
ויקטור אסקין,0,0,0,0
ויקטור דואני,0,0,0,0
ויקטור פלדמן,0,0,0,0
ויקטור קוראקין,1,1,1,0
ויקטור רובצ'בסקי,0,0,0,0
ויקטוריה ניימן,0,1,0,1
ויקטוריה קוליקוב,0,0,0,0
ולדימיר בלוך,0,0,0,0
ולדימיר ברק,0,0,0,0
ולדימיר גולדמן,0,0,0,0
ולדימיר וסילנקו,0,0,0,0
ולדימיר יוטקין,1,1,1,1
ולדימיר פולטייב,0,0,0,0
ולדיסלב יריומין,0,0,0,0
וליד אבו נסרה,0,0,0,0
וליד סמרי,1,0,0,1
וליד קסיס,1,1,1,1
ולרי בייב,0,0,0,0
ולרי דונצ'יק,0,0,0,0
ונסה רואש,0,0,0,0
וסבולוד רודמן,0,0,0,0
וסילי צ'רמיסין,1,1,1,0
וסים אבו נסרה,0,1,0,1
וסים ג׳בר,0,0,0,0
וסים ותד,1,0,0,1
וסים חילו,1,0,0,0
וסים נסאר,0,1,1,1
וסים סאיג,1,1,1,0
וסים עבוד,0,0,0,0
וסים עזאם,0,0,0,0
וסים שחאדה,0,0,0,0
ופאא קסיס,1,0,0,0
ורד ליבנה,0,0,0,1
ורד סבירסקי,0,0,0,0
ורד קלייטמן,0,0,0,0
ורד שיכטר קונפינו,1,0,0,0
ותד מחמוד,0,0,0,0
ז'אן מרק וויינשטיין,0,0,0,0
זאב דוידוביץ',0,1,0,0
זאב ולדימיר קובזנצב,1,0,0,0
זאב מיקלר,0,0,0,0
זאב מץ,0,0,0,0
זאב פלדברין,1,1,0,0
זאב צילקר,0,0,0,0
זאב רם,0,0,0,0
זאהר חורי,0,0,0,0
זאהר מרג'י,0,0,0,0
זוהר בן שטח,0,0,0,0
זיאד חמאיסי,0,0,0,0
זיוה לוריא - הר ציון,0,0,0,0
זיוה נוי תמיר,1,1,0,0
זינה אלמר,1,0,0,0
זכי ריינר,0,0,0,0
חאדר סקר,0,0,0,0
חאלד גסאר,0,0,0,0
חביב שחאדה,0,0,0,0
חגי אביזמר,0,0,0,1
חגי אבנט,0,0,0,0
חגי אמסלם,1,1,1,1
חגי לנדוב,0,1,1,1
חגי קליין,0,1,0,0
חגי קמר,0,1,0,0
חגית אבני,0,0,0,0
חגית אופיר,0,0,0,0
חגית ברדיצ'בסקי,0,0,0,0
חגית פניני,0,0,0,0
חדר חטיב,0,1,0,0
חוסאם בדראנה,0,0,0,0
חוסאם זרייק,0,0,0,0
חוסיין מחאג'נה,0,0,0,0
חוסיין סמחאת,1,0,0,0
חוסיין שמיה,0,0,0,0
חוסין סלימאן,1,0,0,0
חופית כהן,0,0,0,0
חזי לוי,0,0,0,0
חזי פרסטר,1,1,0,0
חיה בהגון,0,0,0,0
חיה מאיר,0,0,0,1
חיוכים smile,0,0,0,0
חיים דורון,0,0,0,0
חיים יהודה,1,0,0,0
חיים משה אדהאן,1,0,1,1
חיים קפלן,1,0,0,0
חכמת בדארנה,0,0,0,0
חלי אפרת - אחות לדרך ניהול רפואי,0,0,0,0
חלי ריבק,0,0,0,0
חלים נסאר,0,0,0,0
חמאתי ח'ליל,0,0,0,0
חן בזל,0,0,0,0
חן גולדשמיט,1,0,1,0
חן חג'בי,0,0,0,0
חנא זרייק,0,0,0,0
חנא מחול,0,0,0,0
חנה פריד,0,0,0,0
חנוך שרייבר,1,0,0,0
חני פל,0,0,0,0
חסן חאסקיה,0,0,0,0
חסן חטיב,0,0,0,0
חסן סולטאן,0,0,0,0
חסן קיס,1,1,1,1
חסן שמא,0,0,0,0
טארק טאהא,0,1,1,0
טארק נימר,0,0,0,0
טהה עומר,1,0,0,0
טובי רסין,0,0,0,1
טוני כראם,1,0,1,1
טופז מרכז מומחים לרפואה פרטית,0,0,0,0
טופז מרכזים רפואיים לרפואת שיניים ורפואה אסתטית,0,0,0,0
טטיאנה שקרה,0,0,0,0
טיירי לסקר,0,0,0,0
טיפול נבון,1,0,0,0
טיפולים דרמואסתטים - מרפאת דוקטור מוני פרידמן,0,0,0,0
טל אורון,0,0,0,0
טל איצ'קובסקי,0,0,0,0
טל איצקוביץ',0,0,0,0
טל אליהו,0,0,0,0
טל אלקן מילר,1,0,0,0
טל אנגל,0,0,0,0
טל ברגמן,0,0,0,0
טל ברגר,0,0,0,0
טל דהן,0,0,0,0
טל דזורייב,0,0,0,0
טל הראל,0,0,0,0
טל וינטרמן,0,0,0,0
טל ויסמן קויפמן,0,0,0,0
טל טוביאס,1,0,0,0
טל טולקין,0,0,0,0
טל לגזיאל,1,0,0,0
טל ליבנה,0,0,0,0
טל לצר,0,0,0,0
טל מרשק,0,0,1,1
טל נאמן לוי,0,0,0,0
טל נתיב,0,0,0,0
טל פז,0,0,0,0
טל פליגלמן,0,0,0,0
טל קאופמן גולדברג,0,0,0,0
טל קובל,0,1,0,0
טל קונפינו,0,0,0,0
טל קורן,0,0,0,0
טל קפושה,0,0,0,0
טל רביב,0,0,0,0
טל רפאל שרקון,1,0,0,0
טל שחר,0,0,0,0
טל שחר מלאך,0,0,0,0
טל שפירא רוטנברג,0,0,0,0
טלי דרורי,0,0,0,0
טלי זוט בן שבת ו  יורם בן שבת,0,0,0,0
טלי יונש-קמחי,0,0,0,0
טלי פורטל בנקר,0,0,0,0
טלי פרידמן,0,0,0,0
טלי שקולניק,0,1,0,0
טליה ברנשטיין,0,0,0,0
טליה דיקר כהן,0,0,0,0
טליה מאיר,0,1,0,0
טליה פרידמן ברהום,0,0,0,0
טליה שפיץ שרקון,0,0,0,0
טניה כוגן,0,0,0,0
יאיר גורצק,1,1,0,0
יאיר גרוסברד,0,0,0,0
יאיר גרין חלימי,0,0,0,0
יאיר דייקן,0,0,0,0
יאיר ווליוביץ,0,0,0,0
יאיר זלוטניק,0,0,0,1
יאיר ישראל,0,0,0,0
יאיר לנדאו,1,0,0,0
יאיר שחר,1,1,1,1
יאנה בייטלמן,0,0,0,0
יאנה ברודנר,1,0,0,0
יאנה שפונט,0,0,0,0
יארה סרור,0,0,0,0
יבגני ביל,0,0,0,0
יבגני וינברג,0,0,0,0
יבגני מקלר,0,0,0,0
יבגני שויחטמן,0,0,0,0
יבגניה לוין-קולדיוק,0,0,0,0
יבגניה סוקול,0,0,1,0
יבגניה סלוצקי בנק,0,0,0,0
יגאל בן הרוש,0,0,0,0
יגאל ברונשטיין,0,0,0,0
יגאל ברשטיין,0,0,0,0
יגאל רוטפלד,0,0,0,0
ידין לוי,1,1,1,1
יהודה יוליאן שטטר,0,0,0,0
יהודה ספקוטי,0,0,0,0
יהודה קליין,0,0,0,0
יהודית זוהר,0,0,0,0
יהודית טיצ'ר,0,0,0,0
יהודית ניר,0,0,0,0
יהודית רונת,0,0,0,0
יהונתן גרוסמן,0,0,0,0
יהונתן זינגר,0,0,0,0
יהונתן לוין,0,0,0,0
יהונתן נבו,0,0,1,1
יהונתן קפלן,1,1,0,0
יהושוע גושן,0,0,0,0
יואב אבני,0,0,0,0
יואב אוצ'יטל,0,0,0,0
יואב אלפרט,1,0,1,0
יואב ארוש,0,0,0,0
יואב ברוך,0,0,0,0
יואב גימון,0,0,0,0
יואב ורדיזר,0,0,0,0
יואב יניר,0,0,0,0
יואב ירון,0,0,0,0
יואב מוריץ,0,0,0,0
יואב רוזנטל,0,0,0,0
יואב שטיין,0,0,0,0
יואל טולדנו,0,0,1,1
יואל ניסנבאום וד״ר דניס דרמן,0,0,0,0
יואש פרמוט,0,0,0,0
יובל אור,1,0,0,0
יובל ארמה,0,0,0,0
יובל גרובר,0,1,0,0
יובל זינגר,0,0,0,0
יובל לביא,1,1,1,1
יובל לוטן,0,0,0,0
יובל סופרו,0,1,1,1
יובל עצמון,0,0,0,0
יובל פעילן,0,0,0,0
יובל פרייפלד,1,1,1,1
יוג'ין  כהן,0,0,0,0
יוהן עמר,0,0,0,0
יוחאי בר שביט,0,0,0,0
יוחאי מלול,0,0,1,0
יוחאי שושני,0,0,0,0
יוחנן חורב,0,0,0,0
יולי ביטרמן,1,0,0,0
יולי גולדמן,0,0,0,0
יוליה אפשטיין,0,1,0,0
יוליה גמרמן,0,0,0,0
יוליה ולדמן גרינשפון,1,1,0,1
יוליה פרנקין,0,0,0,1
יוליה ריבו,0,0,0,0
יולנדה סורוביץ - מרפאת שנטיב,0,0,0,0
יומנא עמשה,0,0,0,0
יונה יניב,0,0,0,1
יוני ישעיהו,1,1,1,1
יונית וואהל,1,0,0,1
יונית מרקוס פרלמן,0,0,0,0
יונית שכטמן,0,0,1,0
יונס בטחיש,0,0,0,0
יונתן אברהם דמה,0,0,0,0
יונתן בוטבול,1,0,0,0
יונתן בירנצוויג,0,0,0,0
"יונתן וגמייסטר / jonathan wagmaister, md",0,1,1,1
יונתן סטנלי,0,1,0,0
יונתן קוגן,1,0,1,0
יונתן קוך,0,0,0,0
יונתן שפירא,0,0,0,1
יונתן שפר,0,0,0,0
יוסי בראון,0,0,0,0
יוסי דוקס,0,0,1,0
יוסי טייב,0,0,0,0
יוסי לביב,0,0,0,0
יוסי נמיר,0,0,0,0
יוסי פיכמן,0,0,0,0
יוסף אבנעים,1,0,0,0
יוסף אקשטיין,1,0,0,0
יוסף בלאט,0,1,0,0
יוסף בלום,0,1,0,1
יוסף ברגר,0,0,0,0
יוסף גפני,0,0,0,0
יוסף דוייב,0,0,1,1
יוסף הר טוב,0,0,0,0
יוסף וייס,0,0,0,0
יוסף לייטנר,0,0,0,0
יוסף מנסור,1,0,1,0
יוסף פרנץ,1,0,0,0
יוסף שבו,0,0,0,0
יוסף שמואלי,0,0,0,0
יורי ברחמן,0,0,0,0
יורי גולדס,0,0,0,0
יורי מנוסקין,1,1,0,0
יורי פייסחוביץ,0,0,0,0
יורי קלסוב,0,0,0,0
יורם גלעדי,0,0,0,1
יורם דקל,1,0,0,1
יורם וולף,0,1,0,0
יורם מור,0,0,0,1
יורם מנור,0,1,0,0
יורם רוזן,0,0,0,0
יזהר ארז,0,0,0,0
יזהר אריאלי,0,1,0,0
יזיד חסן,0,0,0,0
יזן בואקנה - multy care,1,0,0,0
יחזקאל לוי,1,0,0,0
יחזקאל שוטלנד,0,0,0,0
יחיא קאסם,0,0,0,0
ילנה ביל,0,0,0,0
ילנה בניאמינסון,0,0,0,0
ילנה דייץ' daich elena,0,0,0,0
ילנה צ'רטוק שחם,1,0,0,0
ינאי זינס,0,0,0,0
ינון חזן,1,0,0,0
ינון לב,0,0,0,0
ינון לם,0,0,0,0
ינון לרנר,0,0,0,0
ינון שפירא,0,1,0,0
יניב אבנר,0,0,0,0
יניב ברקנא,0,1,0,0
יניב דגן,0,0,0,0
יניב יונאי,0,0,0,1
יניב מאייר,0,0,0,0
יניב מועדים לשמחה,0,0,0,0
יניב פתיה,0,0,0,0
יניב ציפורי,1,1,0,0
יניב קרן,0,0,1,1
יניר כסיף,0,0,0,0
יסמין חטיב עטאללה,0,0,0,0
יעל אדה,0,0,0,0
יעל גרטי גרוס,0,0,1,0
יעל וינטרוב,0,0,0,0
יעל זעירא,0,0,0,0
יעל חיים,0,0,0,0
יעל יוסופוב דהרי,0,0,0,0
יעל יעקבי,0,0,0,0
יעל כהן,0,0,0,0
יעל להט גולדשטיין,0,0,0,0
יעל מוזר גלזברג,0,0,0,0
יעל פסטרנק,0,0,0,0
יעל פרמוט,0,0,0,0
יעל רדלר,0,1,0,0
יעל רנרט-יובל,0,0,0,0
יעל שפירא גליץ,0,1,1,0
יעל שקי תמיר,0,0,0,0
יעלה בן נפתלי,0,0,0,0
יעקב גבריאלוב,0,0,0,0
יעקב לוי,0,0,0,0
יעקב מלכה,1,0,0,0
יעקב נובוטני,1,1,1,0
יעקב פרנד,1,0,1,0
יעקב רומננקו,0,0,0,0
יעקב שאולי,0,0,0,0
יעקב שפירא,0,1,1,1
יעקבי יעקב,0,0,0,0
יעקוב שווץ,0,0,0,1
יפית חמצני,0,0,0,0
יפעת ויגיסר,0,0,0,0
יפעת יוסף-לישצ'ינסקי,0,0,0,0
יפעת סנדלר,1,0,0,1
יפתח ינאי,0,0,0,0
יצחק אידלמן,0,0,0,0
יצחק בכר,0,0,0,0
יצחק בר אור,0,0,0,0
יצחק גולן,0,0,0,0
יצחק דנו,0,0,0,0
יצחק דרורי,0,0,0,0
יצחק לוי,0,0,0,0
יצחק פיינשטין,0,0,0,0
יצחק שר,0,0,0,0
יקטרינה שלקוב,0,0,0,0
ירדן אסבג,0,0,0,0
ירדנה משיח,0,0,0,0
ירון אונגר,0,0,0,0
ירון ארליך,0,1,0,1
ירון בן מרדכי,0,0,0,0
ירון בר זיו,1,1,1,1
ירון ברין,1,1,1,1
ירון ברקוביץ,1,1,1,1
ירון גיל,0,1,0,0
ירון זיקר,0,0,0,0
ירון זנתי,0,0,0,0
ירון סטנובסקי,1,0,0,0
ירון סלע,0,1,0,1
ירון קוניגסברג,0,0,0,0
ירון רודניצקי,0,0,0,0
ירון ריסין,0,1,0,0
ירונה שפר-יעקב,0,0,0,0
יריב גולדשטיין,0,0,0,1
יריב סלעית,0,1,1,0
יריב קשת,0,0,0,0
יריב שטבהולץ,0,0,1,1
ישראל גלוזמן,0,0,0,0
ישראל הנדלר,0,0,0,0
כאמל עמאשה,0,1,0,0
כיפאח בלאל,0,0,0,0
כמאל מטאנס md,1,0,0,0
כמאל נעמה,0,0,0,0
כפאח אבו עמשה,0,0,0,0
כפיר טל,1,1,0,0
כץ קליניק katz clinic,0,0,0,0
כרים סלאמה,0,0,0,0
כרמל פינק,0,0,0,0
כרמל שחר,0,0,0,0
לאה אקהרד כחלון,0,0,0,0
לאה טפירו,0,0,0,0
לאון אזגווי לוי,0,0,0,0
לאון גרדוב,0,1,0,0
לאוניד ברוורמן,0,0,0,0
לאוניד ליפקין,0,0,0,0
לאור בן שמעון,0,0,0,0
לאורה חזן,0,0,0,0
לאמרה ארנס,0,0,0,0
לאנדרו קסלמן,0,0,0,0
לארי אגר,0,0,0,0
לב דורפמן,0,0,0,0
לב לפידוס,1,1,1,1
לב קורבסקי,0,0,0,0
לבנת עטר פרוימן,0,0,0,0
להבית אקרמן,0,0,0,0
לואא עומר,0,1,0,0
לואי בסול,0,0,0,0
לואי חלאילה,0,0,0,0
לואי עבוד,0,0,0,0
לואיז הנריקס,0,0,0,0
לואיס שור,1,0,1,0
לובה בר סף,0,0,0,0
לוצ'ילה זורזטי,1,0,0,0
לורה ברומברג,0,0,0,0
לורה ג'רארד-שטיין,0,0,0,0
לוריאן מדיקל,0,0,0,0
לורין לויט-רוזן,0,0,0,0
לורן אבישר אביטן,0,0,0,0
לורנס בין,0,0,0,0
לי יערי,0,0,0,0
לי קפלן פלך,0,0,0,0
לי שגב,0,0,0,0
ליאב יואלי,0,0,0,0
ליאון גילמן,0,0,0,0
ליאון גרין,0,0,0,0
ליאון ספיבק,0,0,0,0
ליאור בן אלטא - קליניקה לפיזיותרפיה,1,0,0,0
ליאור בן צבי,1,0,0,0
ליאור ברקוביץ,0,0,0,0
ליאור גונן,0,0,0,0
ליאור דרוקר,1,0,0,0
ליאור טולקין,1,0,1,0
ליאור לבר,0,1,0,1
ליאור לוי,0,0,0,0
ליאור לייבו,0,0,0,0
ליאור נסים,0,0,0,0
ליאור סלוק,0,0,0,0
ליאור סעידיאן,0,0,0,0
ליאור קורן,0,0,0,1
ליאורה גיא,0,0,0,0
ליאורה דנזיג לידר,0,0,0,0
ליאורה הולנדר,0,0,0,0
ליאורה רוזן,0,0,0,0
ליאת אטס-פוקס,1,1,1,0
ליאת ברנט,0,0,0,0
ליאת הכט-נקר,0,0,0,0
ליאת פרל,0,0,0,0
ליאת שילה זלצר,1,0,0,0
ליבי כרמי,0,0,0,0
ליבנה שפט הלר,0,0,0,0
לידור עטרי גילשטיין,0,0,0,0
לידור שמואלי,0,0,0,0
ליהי שגיא,0,0,0,0
ליונל אזן,1,0,0,0
ליזה גרוסמן,0,0,0,0
ליזה קאלי,0,0,0,0
ליטל אלהרר - plastic nurse,0,0,0,0
לילא חדאד,0,0,0,0
לילה בראנסי,0,0,0,0
לילי שרותי בריאות השן,0,0,0,1
ליליאנה אוריה,0,0,0,0
לילך גולדשטיין,0,0,0,1
לילך כהן,0,0,0,0
לילך שמר-מאירי,0,0,0,0
לימור ציפרמן,0,0,0,0
לימור שפסה יצחקי,0,0,0,0
לין טוגנדרייך,0,0,0,0
לינה שלל,0,0,0,0
לינור אברהם גלעדי,0,0,0,0
ליסה לונדון,0,0,0,0
ליסה פטלה,0,0,0,0
ליעד חיימוביץ,0,0,0,0
לירון ברקוביץ',1,1,1,1
לירון מלצר,0,0,0,0
לירן אופיר,0,0,0,0
לירן טיאוסנו,1,0,1,1
לירן לוי,0,0,0,0
לנא אבו ורדה,0,0,0,0
לנה עושרת,0,0,0,0
לריסה ויינר,0,0,0,0
לריסה מוצמכר,0,0,0,0
לריסה ריבו,0,0,0,0
מאדי אל חאג',0,0,0,0
מאהר חג'אזי,0,0,0,0
מאהר חורי,0,0,0,0
מאהר חטיב,1,0,1,1
מאהר פלאח,0,0,0,0
מאוריסיו כהן-וייזר,1,1,1,1
מאזן פלאח,1,1,0,1
מאיה אבו גזאלה,0,0,0,0
מאיה אווה פלג,0,0,0,0
מאיה בן צבי,0,0,0,0
מאיה טורם,0,0,0,0
מאיה כלב-לנדוי,1,0,0,0
מאיה שרון וינר,1,1,0,0
מאיר באבאיב,0,0,0,0
מאיר זמל,1,1,0,0
מאיר טל,0,0,0,0
מאיר ממרייב,0,0,0,0
מאיר פומרנץ,1,1,0,1
מאיר קרופסקי,0,0,0,1
מאיר רייכר,1,1,0,1
מאיר רצ'קימן,1,0,0,0
מאירה פוגל לוין,0,0,1,0
מאלק אבו-לאפי,0,0,0,0
מאסטרפיס,0,0,0,0
מארי אודיל אריק - marie-odile erik,0,0,0,0
מארי נופי-ברהום,0,0,0,0
מאריו דאוד,0,0,0,0
מארק דוד בוכריס,0,0,0,0
מאשה בן צבי,0,0,0,0
מאשה מזור אורינג,0,0,0,0
מבאריקי נעמה,1,0,0,0
מג'ד זייד,0,0,0,0
מג'ד עמר majd omer,0,0,0,0
מג'די נפאע,0,1,0,0
מג׳די אמטיראת,1,1,1,1
מדארט,0,0,0,0
מדימקס מכון פיזיותרפיה medimax,1,0,0,0
מהרן כבהה,1,0,0,0
מודי גולדנפלד,0,0,0,0
מודי נפתלי,0,0,0,0
מוהנא ברהום,0,0,0,0
מוחמד אבו מוחסן,0,0,0,0
מוחמד אבו ראשד,0,0,0,0
מוחמד אלסאנע,0,0,0,0
מוחמד ביאדסה,0,0,0,0
מוחמד דאהוד,0,0,0,0
מוחמד חטיב,0,0,0,0
מוחמד חמוד,0,0,0,0
מוחמד טאהא,0,0,0,0
מוחמד יונס,0,0,0,0
מוחמד כליפה,1,1,0,0
מוחמד מג'דוב,1,1,0,0
מוחמד מסאלחה,0,0,1,1
מוחמד מסארוה,0,0,0,0
מוחמד סלימאן,0,0,0,0
מוחמד סנעאללה,0,0,0,0
מוחמד עומר מחאג'נה,0,0,0,0
מוחמד עזאיזה,0,0,0,0
מוטי ברדיצ׳ב,0,0,0,0
מוטי חרץ,0,0,0,0
מוטי צוקר,0,0,0,0
מוני פרידמן,0,0,0,0
מוניר מולא,0,0,0,0
מונל רורליך,0,0,0,0
מוסטפא נעאמנה,0,0,1,1
מור בוסתן נחומסון,0,0,0,0
מור ברגמן,0,0,0,0
מור ג'ובני-לוי,0,0,0,0
מור מושקוביץ,1,0,0,0
מור פבלובסקי,0,0,0,0
מוראד עבד אלראזק,0,0,0,0
מוראד צפורי,1,0,0,0
מורד אבו פריח,1,1,1,1
מורד אלשמאלי,0,0,0,0
מוריס בטומסקי,0,0,0,0
מורמן רוטר,0,0,0,0
מורן אגסי זייטלר,0,1,0,0
מורן באום,0,0,0,0
מורן ברקן רונן,0,0,0,0
מורן הויזמן קדם,0,0,0,0
מורן חזן,0,0,0,0
מורן לביא,0,0,0,0
מורן פז,1,1,0,0
מורן רובינשטיין,1,0,0,0
מורן שויקה רבאו,0,0,0,0
מורן שטיינר,0,0,0,0
מוש אהרוני,1,0,0,0
מזהר עטאללה,1,0,1,1
מחמד אלדדא,1,0,1,0
מחמוד אבו גזאלה,1,1,1,1
מחמוד דאהר,0,0,0,0
מחמוד זידאן,0,0,0,0
מחמוד יונס,0,0,0,0
מחמוד מסרי,0,0,0,0
מיה גרשטיין,0,0,0,0
מיה נאור דובב,0,1,0,0
מיה רם וינר,0,0,0,0
מיטל אורן-שבתאי,0,0,0,0
מיטל אלמוג,1,0,0,1
מיטל הבר,0,1,0,0
מיטל ניימן,0,0,0,0
מיטל קבלרצ'יק,0,0,0,0
מיטל קידר,0,0,0,1
מייזי אליעזר,0,0,0,0
מייק פרנקין,0,0,0,0
מיכאל אבא,0,0,0,0
מיכאל אטינגר,0,0,0,0
מיכאל איצקסון,0,0,0,0
מיכאל בז'יוריאנו,0,0,0,0
מיכאל ברוסילוב,1,1,0,0
מיכאל גורביץ,0,1,0,0
מיכאל ויינריב,1,0,1,0
מיכאל טולצ'ינסקי,0,0,0,0
מיכאל יאיר,0,0,0,0
מיכאל יגודייב,0,0,0,0
מיכאל ירמייב,0,0,0,0
מיכאל מיכלסון,0,0,0,0
מיכאל מרקושביץ,1,0,1,1
מיכאל עסאף,1,0,0,0
מיכאל פאול,0,1,1,0
מיכאל פאר,1,0,1,1
מיכאל פרומר,0,0,0,0
מיכאל פשרסטניק,0,0,0,0
מיכאל קוגן,0,0,0,0
מיכאל קוצ’וק,1,1,0,0
מיכאל קורנייבסקי,0,0,0,0
מיכאל רגנבוגן,0,0,0,0
מיכאל רחקוביץ',0,0,0,0
מיכאל שוורץ,0,0,0,0
מיכאל שילון,0,0,0,0
מיכאל תמר,0,1,1,1
מיכל אייזנר,0,0,0,0
מיכל אלמוס,0,0,0,0
מיכל ברודבקה,0,0,0,0
מיכל ברכה,1,0,0,1
מיכל דבירי,0,0,0,0
מיכל דקל שטיינקלר,0,0,0,0
מיכל ישורון,0,0,0,0
מיכל כשר מירון,0,0,0,0
מיכל ליאפיס,0,0,0,0
מיכל מאירסון,0,0,0,0
מיכל מעודה-חבקוק,0,0,0,0
מיכל עובדיה,0,0,0,0
מיכל פלדון,0,0,0,0
מיכל קהל,0,0,0,0
מיכל רוזן שעובי,0,0,0,0
מימון מוסא,1,0,0,0
מימי ארנרייך,0,0,0,0
מיקי הייפלר,0,0,0,0
מיקי לביא,0,1,0,0
מיקי מוסקוביץ,0,1,0,0
מירב בנצקי,0,0,0,0
מירב סוקולוב,0,0,0,0
מירב קדמי,1,0,0,0
מירב שגב,0,0,0,0
מירב שמידט,0,0,0,0
מירה גינזבורג,0,0,0,0
מירה כץ,0,0,0,0
מירה מנביץ' מזור,0,0,0,0
מירה רוזן,0,0,0,0
מירון פרוימוביץ,0,0,0,0
מירי אהרונוב,0,0,0,0
מירית גליק,0,0,0,0
מירית וינברג,0,0,0,0
מישל גלפרן סגל,0,0,0,0
מישל פלאס,0,0,0,0
מכון emg,0,0,0,0
מכון emg -  רון דבי,0,0,0,0
מכון emg - אלקטרומיוגרפיה,0,0,0,0
מכון emg חיפה,0,0,0,0
מכון rdg - imaging,0,0,0,0
מכון אולטרא סאונד מלנומה יוניט,0,0,0,0
מכון אולטרסאונד - מיטב,0,0,0,0
מכון פיזיותרפיה physio & sport clinic,1,0,0,0
מכון פיזיותרפיה village physio,1,0,0,0
מלאני זימן,0,0,0,0
מנאר קעואר,0,0,0,0
מנו רובינפור,0,0,0,0
מנואל שוורצמן,1,0,0,0
מנחם זינגר,1,1,1,1
מני ברכה,1,1,1,1
מסארוה שחאדה,0,0,0,0
מסודי ויסמן,0,0,0,0
מעבדת שינה מילניום טל,1,0,1,1
מעיין צ'רנו,1,0,0,0
מעין חנה,0,0,0,0
מעין קוממי בר-און,0,0,0,0
מעין שחם,0,0,0,0
מקבל שלח,1,1,1,0
מקס אייזנברג,0,0,0,0
מקס כהן,0,0,0,0
מקסים גורביץ,0,0,0,0
מראם עאמר,0,0,0,1
מרגלית מואסיס,0,0,0,0
מרדכי סליי,0,0,0,0
מרואן אליאס,1,1,0,1
מרואן גנטוס,1,0,0,0
מרואן דאוד,0,0,0,0
מרטין פרואין,0,0,0,0
מריאן חטיב,0,0,0,0
מריאנה בר לב,0,0,0,0
מריאנה ויינרמן,0,0,0,0
מריה נסאר,0,0,0,0
מריה פרידמן,0,0,0,0
מריה קרמון,0,0,0,0
מריוס קובל,0,0,0,0
מרים ארנברג,0,0,0,1
מרים ורשביאק,0,0,0,0
מרינה ארביטמן,0,0,0,1
מרינה בונדרנקו,0,0,0,0
מרינה גבריאלוב,0,1,0,0
מרינה וולקוב,0,0,0,0
מרינה ליוייב,0,0,0,0
מרינה נסטר,0,0,0,0
מרינה פקר זלוטין,0,1,0,0
מרינה קולודי,0,0,0,0
מרינה שנק,1,0,0,0
מרכז  דיין לרפואה משולבת,0,0,0,1
"מרכז פיזיותרפיה, שיקום וטיפול בכאבים fixyou",1,0,0,0
מרכז רפואי דוד - מרפאת נשים,0,0,0,1
מרסלו מיטק - dr. marcelo mitak,0,0,0,0
מרעי כבהה,0,0,0,0
מרפאות  רון אמיר,0,0,0,0
מרפאת  אמיל ליטבק,0,0,0,0
מרפאת  הירשהורן - מרפאת מומחים לרפואת שיניים,0,0,0,0
מרפאת  עוואד,0,0,0,0
מרפאת  קראט,0,0,0,0
מרפאת fym,0,0,0,0
מרפאת hymysmile,0,0,0,0
מרפאת מומחים בנגב,0,0,0,0
מרפאת מומחים לרפואת שיניים ברעננה ע'ש   אודי יוגב,0,0,0,0
מרפאת מומחים לשיקום הפה,0,0,0,0
מרפאת שיניים   אלכסנדר,0,0,0,0
מרפאת שיניים  ברוקמאייר,0,0,0,0
מרפאת שיניים  ותד ג'לאל,0,0,0,0
מרפאת שיניים  קובטי,0,0,1,1
מרפאת שיניים royal dent,0,0,0,0
מרפאת שיניים smile vision -  אולג אדינייב,0,0,0,0
מרפאת שיניים דנטל קלינק,0,0,0,0
מרפאת שיניים מומחים i smile,0,0,0,0
מרפאת שיניים מרום,0,0,0,0
מרק ברזינס,1,1,1,1
מרק לבנטר,1,0,0,0
מרק ליטווק,0,0,0,0
משגב רוטנשטרייך,0,0,1,1
משה אמיר,0,0,0,0
משה אשכנזי,0,0,0,0
משה גילאור,0,0,1,1
משה דהן,0,0,0,0
משה זילבר,0,0,0,1
משה חייצ'יק,0,1,0,0
משה יהודה,0,0,0,0
משה כרמון,1,1,0,0
משה מרדכייב,0,0,0,0
משה נדלר,1,0,1,0
משה סלוקי,0,0,0,0
משה קמר,1,0,1,0
משה רב-אחא,0,0,0,0
משה רויבורט,1,1,0,0
מתי מזרחי,0,0,0,0
מתן אורגיל,0,0,0,0
מתן אלדס פיזיותרפיה pro care clinic,1,0,0,0
מתן בירן,0,0,0,0
מתן מקייטן,0,0,0,0
מתן סגלוביץ,0,0,0,0
מתן סיטרמן,0,0,0,1
מתן שרף,0,0,0,0
נאדר ח׳דר,1,0,0,0
נאדר עבדל-רחמן,1,1,1,1
נאום סימנובסקי,0,0,0,0
נאפע חאג' יחיא,0,0,0,0
נבו מרגלית,0,0,0,0
נביל גרייב,1,1,1,0
נגה גולדמן,0,0,0,0
נגה ליפשיץ טייר,0,1,0,0
נגה פוקס ויצמן,0,0,0,0
נדב אסטמן,0,1,1,0
נדב גוטמן,0,0,0,0
נדב וילנר,0,0,0,0
נדב נבו,0,0,0,0
נדב פרידל,0,0,0,0
נדב קלדרון,0,0,0,0
נדב שאשה,1,1,1,1
נוה פיירשטיין,0,0,0,0
נועה גל גינדי,0,0,0,0
נועה גרובר,0,0,0,0
נועה ורדי,0,0,0,0
נועה לב,1,0,0,0
נועה מורג,0,0,0,0
נועה סדן,0,0,0,0
נועה פישר,0,0,0,0
נועם אולשינקה,1,1,1,1
נועם חי,0,0,0,0
נועם רשף,1,1,0,0
נועם שוסמן,0,0,0,0
נופר גבריאלה איסקוב,0,0,0,0
נור חטיב,0,1,1,1
נורה דביאת,0,1,0,0
נורית עומר,0,0,0,0
נורית קוליש,0,0,0,0
נח'ול (נחול) נח'ול,0,0,0,0
נחום סאמט,0,0,0,0
נחשון דמארי,0,0,0,0
נטלה בלינסון,0,0,0,0
נטלי מלכא,0,0,0,0
נטלי מרמור,1,0,0,0
נטלי פיינשטיין עובדיה,0,0,0,0
נטלי קורן,0,0,0,0
נטלי ריבקין,0,0,0,0
נטלי שליט,0,0,0,0
נטליה גולדברג,0,0,0,0
נטליה וולקוב,0,0,0,0
נטליה פיצ'וגין,0,0,0,0
נטליה קבלוצ'יק,0,0,0,0
נטליה קובליוק,0,0,0,0
נטע אבירן,0,0,0,0
נטע אדרת,0,0,0,0
נטע איזנברג,0,0,1,0
נטע בומס יונאי,0,0,0,0
נטע לם,0,0,0,0
נטע לניאדו שריג,1,0,0,0
נטע קפלן,0,0,0,0
נטע קרם,0,0,0,0
נטע רז,1,1,0,1
ניג'מי אנדראוס דאוד,0,0,0,0
ניזאר חוראני,0,0,0,0
נילי שמרוט,0,0,0,0
נינה גורדון,0,0,0,0
נינה דר,0,0,0,0
נינה ייחילביץ,0,0,0,0
נינו שפוליאנסקי-נוגאידלי,0,0,0,0
ניסים חיימוב,1,0,1,0
ניק טאודורוביץ,0,0,0,0
ניקול ברנפלד,0,0,0,0
ניקול רוזנברג,0,1,0,0
ניר איל,0,0,0,0
ניר ביטרמן,1,0,0,0
ניר גבריאל,1,0,0,1
ניר גל אור,0,0,0,0
ניר דיאמנט,0,0,0,0
ניר דיין - מכון פיזיותרפיה,1,0,0,0
ניר הוס,0,0,0,0
ניר זיידר,0,0,0,1
ניר זילברברג,0,0,0,0
ניר חייא,1,0,1,0
ניר כהן,1,0,0,0
ניר נתנזון,0,0,0,0
ניר פילוסוף,0,0,0,0
ניר קוגלמן,1,0,0,0
נירית אבירן,0,0,0,1
נלי שטיינבוק,0,0,0,0
נמרוד אברבוך,0,0,0,0
נמרוד דר,0,1,0,1
נמרוד פרידמן,0,0,0,0
נסים לוי,0,0,0,0
נעה אפרת - בן ברוך,1,0,1,1
נעה גונן,0,0,0,0
נעה חדייר,0,1,0,0
נעים ערטול,0,1,0,0
נעם ארמון,0,0,0,0
נעם כתרי,0,0,0,0
נעמה זוהר,0,0,0,0
נעמה מץ,0,0,0,0
נעמה מרקוס,1,1,0,1
נעמה סאמט,0,0,0,0
נעמה סגל,0,0,0,0
נעמה פלץ-סינואני,0,0,0,0
נעמה פרידנברג,0,0,0,0
נעמי ויסנברג,0,0,0,0
נעמי נקש נידם,0,0,0,0
נעמי עוז,0,0,0,0
נעמי רבינוביץ,0,0,0,1
נעמי שרון,0,0,0,0
נרקיס קושנר,0,0,0,0
נשימת חיים בצפון,0,0,0,0
נתלי זילברמן שרון,0,1,0,1
נתן סילבר,1,0,1,1
נתנאל גולדשטיין,0,0,0,0
נתנאל טימסטיט,0,0,0,0
נתנאל שטיינברג,0,0,0,0
סאהר אסדי,0,0,1,0
סאוטה מילטון,1,1,1,1
סאלו חרץ,0,0,0,0
סאלח נזאל,0,0,0,0
סאלח נסייר,0,0,0,0
סאמר דיאב,0,0,0,0
סאמר חסן,0,0,0,0
סאמר מוחתסב,0,0,0,0
סבטלנה ברנר,0,1,1,0
סבטלנה גרישין,0,0,0,0
סבטלנה פרולובה,0,0,0,0
סבינה לובינקר,0,0,0,0
סהר נדל,0,0,0,0
סובחי עזאם,0,0,0,0
סוהיל גרה,1,0,0,0
סוזאן וזוז,0,0,0,0
סוזנה גלפרין,0,0,0,0
סוזנה מוסטפא מיח'איל,1,0,0,0
סוטיטה דיסטהפורן,0,0,0,0
סולומון,0,0,0,0
סולטאן חלאילה,1,0,0,0
סולימן זערורה,1,1,1,0
סומיט צ'טרג'י,0,0,0,1
סופי ברנס,0,0,0,0
סופי גרינברג,0,0,0,0
סופיה גורביץ,0,0,0,0
סופיה קורדליוק,0,1,1,1
סופיה שפירא,0,0,0,0
סטלה הייזלר,0,0,0,0
סטניסלב קליוץ,0,0,0,0
סטפ אפ - מרכז לפיזיותרפיה ושיקום,1,0,0,0
סטפני בלומר,0,0,0,0
סיגל דגן-זיידמן,0,0,0,0
סיגל ויינר,0,0,0,0
סיגל זמודזיאק יחיעם,0,1,0,0
סיגל שוורץ,0,0,0,0
סידני שפירא,0,0,0,0
סיון גושן,0,0,0,0
סיון זיסמן אלבז,0,0,0,0
סיון סקוירסקי,1,1,0,0
סיון פרלדנסקי,0,0,1,1
סיון שוחר,0,0,0,0
סיטיסמייל - מרפאת שיניים ואסתטיקה,0,0,0,0
סימון קייזרמן,0,0,0,0
סלאח סמחאת,0,1,0,0
סלבה אהרון,0,0,0,0
סלים נאסר,0,0,0,0
סמדר פקר - ניר,0,0,0,0
סמדר פקר ניר,0,0,0,0
סמדר שרייבר,0,0,0,0
סמואל זיתון,0,0,0,0
סמואל מוסקוויסי,0,0,0,0
סנד מסארוה – wellness,0,0,0,0
סנדרה בניזרי,0,0,0,0
סנונית שוורץ,0,0,0,0
סנעאללה מחפוז,0,0,0,0
סעד סיידה,0,0,0,0
סעיד יאסין,0,1,0,0
סעיד מסארוה,1,0,0,0
סעיד סלמאן,0,0,0,0
סעיד סעאדה,0,0,0,0
סעיד שלבי,0,0,0,0
ספורטופדיה,0,0,0,0
ספורתאג מרכז לרפואת ספורט,1,0,0,0
ספי פורת,0,0,0,0
סרג'יו סוצ'אה,1,0,0,0
סרג'יו שבתאי,1,0,1,1
סרגי ווסקו,1,1,1,0
סרגי טוניצקי,0,0,0,0
סרגי נווה,0,0,0,0
סרגיי אמונץ,0,0,0,0
סרגיי דומצ'יק,1,1,1,0
סרי בולוס,1,1,0,0
סשה גוריונוב,0,0,0,0
סתיו רקדזון,0,0,0,0
עאדל ברבארה,1,0,1,1
עאדל עומר,0,0,0,0
עאידה הייב חלייחל,0,0,0,0
עאמר בראנסי,1,0,0,0
עאמר זוביידאת,0,0,0,0
עאמר זרייק,0,0,0,0
עאסם אבו אשתייה,0,0,0,0
עארף אל נצאצרה,0,0,0,0
עבד אל רחמן אבו גנים,1,1,0,0
עבד אלחכים אבו טועמה,0,0,0,0
עבד אלחלים דראושה,0,0,0,0
עבד אלכרים דראושה,1,0,0,0
עבדאללה ואכים,0,0,0,0
עבדאללה פואז,1,1,1,1
עבדאלרחים אבו חיט,0,0,0,0
עביר מסארוה,0,1,0,0
עדי אדן,0,0,0,0
עדי איינהורן,0,0,0,0
עדי אריאלי,0,0,0,0
עדי ואקנין בהט,0,1,0,0
עדי יאנה,1,1,0,0
עדי ליכטנשטיין,1,1,0,0
עדי נוסרטי פרצ'יק,0,0,0,0
עדי נחום,0,0,1,0
עדי סיון גילדור,0,0,0,0
עדי סילביה פרבר,0,0,0,0
עדי סעדיה,1,1,0,0
עדי עשרי יעקובוביץ,0,0,0,0
עדי פרידמן,0,0,0,0
עדי צוונג גונן,0,0,0,0
עדי רם עדיני,0,0,0,0
עדי שוורץ,0,1,0,0
עדיאל רויטמן,0,0,0,0
עדיה רוזנטל,0,0,0,0
עדינה דניאל חזן,0,0,0,0
עדית דובי סובול,0,0,0,0
עדן זר,0,0,0,0
עדן כהן,0,0,0,0
עדנאן סואעד physiad,0,0,0,0
עודד רבאו,0,0,0,0
עודד רוף,0,0,0,0
עודד רוק,0,0,0,1
עודד שומר,1,0,0,0
עודד שראל,0,0,0,0
עוז גביש,0,0,0,0
עוז יקיר,0,1,0,0
עוז סגל,0,0,0,0
עוזי בן דוד,0,0,0,0
עומר גנדלמן,0,0,0,0
עומר וולף,0,0,0,0
עומר טרביצקי,0,0,1,1
עומר כהן - dr. omer cohen,0,0,0,0
עומר סלוין,0,0,0,0
עומר פלייסיג,0,0,0,0
עומר קוטון,0,0,0,0
עומר קליין,0,0,0,0
עומר רוזנבאום,0,0,0,0
עומר רוט,1,0,0,0
עומרי ברגר,0,0,0,0
עומרי ויינשטיין,0,0,0,0
עומרי פרידלנד,0,0,0,0
עופר ארנון,0,0,0,0
עופר ברוך,0,0,0,0
עופר ברנוביץ'  ph.d מומחה לאונקולוגיה אינטגרטיבית. ליווי מקצועי לחולים אונקולוגים ולמחלימים מסרטן,0,0,0,0
עופר גונן,0,0,0,0
עופר גליק,0,1,0,0
עופר הררי ברגר,0,0,0,0
עופר זקס,1,0,0,0
עופר פורים,0,0,0,0
עופר קובו,0,0,0,0
עופר רייטר אגר,0,0,0,0
עופרה קריגר שרעבי,0,1,0,0
עורואה נאסר md mph,0,0,0,1
עותי רודיך,0,0,0,0
עזאם אברהים,0,0,0,0
עידו אלדר,0,0,0,0
עידו ליסי,1,1,0,0
עידו מזרחי,1,1,1,1
עידו מלמד,0,0,0,0
עידו פרישר,0,0,0,0
עידו רוקח,1,0,0,0
עידית בלוך,0,0,0,0
עידן בר מנדלסון,0,0,0,0
עידן זיסמן,0,0,0,0
עידן טימור,0,0,0,0
עידן כרמלי,0,1,0,0
עידן לוי,0,0,0,0
עידן סטרול,0,0,0,0
עידן תמיר,0,0,0,0
עינב ברקוביץ,0,0,0,0
עינב הירשהורן,0,0,0,0
עינב כהן,0,0,0,0
עינת בראל,0,0,0,0
עינת דיקר לוי,0,0,0,0
עינת ורון שחר,0,0,0,0
עינת חייקין הרצברגר,0,0,0,0
עינת טילבור,0,0,0,0
עינת טרוגמן פיירשטיין,0,0,0,0
עינת יאקירביץ',0,0,0,0
עינת כרמון,0,1,1,0
עירא בכר,1,1,0,0
עירית הוכברג,0,0,0,1
עירית חרמש,0,0,1,1
עירית סולל שרון,0,0,0,0
עירית סמילנסקי,0,0,0,0
עירית שמעוני,0,0,0,0
עירית תירוש,0,0,0,0
עלא אבו סאלח,1,1,1,0
עלא אלדין מוהנא,1,1,1,1
עלא חורי,0,0,0,0
עלא מחאמיד,1,0,0,0
עלא ערוק,0,0,0,0
עלאא זחאלקה,1,0,0,0
עלאא מוסטפא,0,0,0,0
עלאא עבוד,0,0,1,0
עלאא ראשד,0,0,0,0
עלאם עודה,0,0,0,0
עלוית וולף,0,0,0,0
עלי יאסין,1,1,0,0
עלי סלימאן,1,0,0,0
עליזה אנדרון,0,0,0,0
עלמא - המרכז לבריאות השד,0,0,0,0
עמאד מטאנס,1,1,1,0
עמאד עיאט,0,0,0,0
עמוס בר,0,1,0,1
עמוס לוי,0,0,0,0
עמוס שפירא,0,0,0,0
עמיחי לבקוביץ,0,0,0,0
עמיחי נבו,0,0,0,0
עמיר רוזנבלט,0,0,0,0
עמיר שוורץ,0,0,0,0
עמירם צהר,0,0,0,0
עמית איל,0,0,0,0
עמית איתי,0,0,0,0
עמית גרין,0,0,0,0
עמית דוידסון,0,0,0,0
עמית דותן,0,0,0,0
עמית דמתי,0,0,0,0
עמית דרוין,0,0,0,0
עמית וולפוביץ,0,0,1,0
עמית ליבוביץ,0,0,0,0
עמית סגל,0,0,0,0
עמית קדמי,0,0,0,0
עמית קרן,0,0,0,0
עמית שגיא,1,0,0,0
עמית שחם,0,0,0,0
עמנואל בדני,0,0,0,0
עמנואל מרדכי,0,0,0,0
עמרי דומינסקי,0,0,0,0
עמרי ימין,0,0,0,0
עמרי לובובסקי,1,1,1,0
עמרי סולימני,0,1,0,0
ענאן אבו עואד,1,0,0,0
ענאן חוסיין,1,0,0,0
ענאן עבאסי,0,0,0,1
ענבל אבישר,1,1,0,0
ענבל וילנר,0,0,0,0
ענבל לוי צדק,0,0,0,0
ענבל מלמד טרץ,0,0,0,0
ענבל קדמן,0,0,0,0
ענבל שרלין,0,0,0,0
ענבר פינקל,0,0,0,0
ענבר צור מנדובסקי,0,0,0,0
ענבר קגן פרל,0,0,0,0
ענר קינן,0,0,0,0
ענת בכר צפורי,0,1,0,0
ענת בלנק,0,0,1,0
ענת בן ששון,0,0,0,0
ענת בק,1,1,1,1
ענת לאור,0,0,0,0
ענת מטיאש,0,0,0,0
ענת פאלון,0,0,0,0
ענת קסלמן,0,0,0,0
ענת רבינוביץ,0,0,0,0
ענת רבינוביץ לביא,0,0,0,0
ענת רוזנבלום,0,0,0,0
ענת שמואלי,1,0,0,0
ענת תדיר,0,0,0,0
עסאם הינדי,0,0,0,0
עסמת נג'אר,0,0,0,0
עפיף יעקוב,0,1,0,0
עפר רתם,0,0,0,0
עקיבא אלעד,0,0,0,0
ערין ג'מיל עבד אל קאדר,0,0,0,0
ערין זרעיני המרכז להשתלות שיניים ואסתטיקה דנטלית,1,1,0,0
ערן אביבי,0,1,1,0
ערן אוטרמסקי,0,0,0,0
ערן אורבוך,0,0,0,1
ערן אלון,0,0,0,0
ערן אלטמן,0,0,0,0
ערן אלנבוגן,0,1,0,0
ערן בר מאיר,0,1,0,1
ערן גבע,0,0,0,0
ערן גולד,0,0,0,0
ערן גלילי,0,0,0,0
ערן גליקסון,0,0,0,0
ערן זילברברג,0,0,0,0
ערן חדד,0,0,0,0
ערן מאירוביץ,1,0,0,1
ערן מגון,0,0,0,0
ערן מילט,0,0,0,0
ערן מרקוביץ,0,0,0,0
ערן פרידמן,0,1,1,0
ערן צונץ,1,0,0,0
ערן צנציפר,0,0,0,0
ערן רשף -  prophysio clinic,1,0,0,0
פאדי  זועבי,1,1,1,0
פאדי אבו אחמד,0,0,0,0
פאדי חורי,0,0,0,0
פאדי חליל חנא,1,1,1,0
פאדי רחאל,0,0,0,0
פאדל טיבי,0,0,0,0
פאיז חטיב,0,0,0,0
פאם-קליניק femme clinic,0,0,0,0
פאני בר לוי,0,0,0,0
פאני הרשקוביץ,0,0,0,0
פארס דראושה,0,0,0,0
פארס סלאמה,0,0,0,0
פביאנה בנימינוב,1,0,1,1
פבל אבי זולוטרבסקיי,1,1,0,0
פבלו רוסו,0,0,1,0
פהד סכס,1,0,0,0
פולינה אוסטרובסקי,0,1,1,0
פולינה שוורצמן,1,1,0,0
פזית שקד,0,0,0,0
פטרו פרקש,0,0,0,0
פטריסיה שבס,0,0,0,0
פטריק ג'ובראן,0,0,0,0
פטריק שטפלר,1,0,0,0
פיוטר מליקוב,0,0,0,0
פיזיובאלנס בע'מ,1,0,0,0
פיזיופיט,1,0,0,0
פיליפ בן סייד,0,0,0,0
פיליפ רוזינסקי,0,1,1,0
פינחס אהרוני,0,0,0,0
פיראס אבו רומחין,0,0,0,0
פיראס עזאם,0,0,0,0
פיראס פאהום,0,0,0,1
פירוז נאסר,0,0,0,0
פליקס בוקשטיין,0,0,0,0
פנדה פיזיותרפיה,0,0,0,0
פנחס שמעונוב,0,0,0,0
פסח מלניק,0,0,0,0
פסיה פרידמן רובין,0,0,0,0
פענוח ct,0,0,0,0
פענוח mri,0,0,0,0
פרולו קיור - prolo cure,0,0,0,0
פרופ שחף שיבר,0,0,0,0
פרופ' אבי בן הרוש,1,0,1,1
פרופ' אבי חפץ,0,0,0,0
פרופ' אבי סלומון,1,1,1,1
פרופ' אביבה לויטס,1,1,0,0
פרופ' אביגדור זליקובסקי,0,0,1,0
פרופ' אבישי גרופר,0,0,0,0
פרופ' אביתר אפרים,1,1,1,0
פרופ' אבנר בלקין,0,0,1,0
פרופ' אבנר טלר,0,0,0,0
פרופ' אבשלום שלום,1,1,1,1
פרופ' אדי קויפמן,0,1,1,1
פרופ' אהוד אטון,0,1,1,1
פרופ' אהוד ראט,1,1,1,1
פרופ' אופירה זלוטו,1,1,1,0
פרופ' אור קיזרמן,1,0,1,1
פרופ' אורי גבעון,0,0,0,0
פרופ' אורי סגל,1,0,0,0
פרופ' אורי רוזובסקי,0,0,0,0
פרופ' אוריאל שפירר,0,1,0,1
פרופ' איגור סוחוטניק,0,0,0,0
פרופ' אייל עמר,0,0,0,0
פרופ' אייל שטייר,0,0,0,0
פרופ' איל בן אסא,0,0,0,0
פרופ' איל רובינשטוק,0,0,0,0
פרופ' אילה פולק,0,0,0,0
פרופ' אילן ברוכים,1,1,0,0
פרופ' אילן ליבוביץ,1,0,1,1
פרופ' אילן רון,0,0,0,0
פרופ' אילן שמעון,1,0,0,1
פרופ' אירית ברקת,0,0,0,0
פרופ' איתי גת,0,0,0,0
פרופ' איתי לוטן,0,0,0,0
פרופ' איתי פרץ,1,1,1,1
פרופ' איתן מיזיריצקי,0,0,0,0
פרופ' אלה נפרסטק,0,0,0,0
פרופ' אלון ערן,0,0,0,0
פרופ' אלון פרס,0,0,0,0
פרופ' אלון קדם,0,0,1,0
פרופ' אלון שרים,0,0,0,0
פרופ' אלי הרשקוביץ,1,1,0,0
פרופ' אלי מזרחי,0,1,0,0
פרופ' אליהו לויטס,1,1,1,1
פרופ' אלינה וייסמן ברנר,0,0,0,0
פרופ' אלכס פרל (וולודרסקי),1,1,1,0
פרופ' אלכסנדר בלנקשטיין,0,0,0,0
פרופ' אמיר הרמן,1,1,1,1
פרופ' אמיר וייזר,1,1,1,1
פרופ' אמיר תירוש,0,0,0,0
פרופ' אסף זלצר,1,1,0,0
פרופ' אסקיאל פלמנוביץ',1,0,0,1
פרופ' ארז קכל,0,1,0,1
פרופ' ארי לשנו,0,0,0,1
פרופ' אריאל מני,0,0,0,0
פרופ' אריה אורנשטיין,0,0,0,0
פרופ' ארנון אליצור,0,0,0,0
פרופ' ארנון ברוידס,0,0,0,0
פרופ' ארנון כהן,0,1,1,1
פרופ' בוריס קירשטיין,1,1,1,0
פרופ' בן ציון יהושע,1,1,0,1
פרופ' בני אבידן,0,0,0,0
פרופ' בנימין וולוביץ,0,1,0,0
פרופ' ברוך ברנר,1,1,1,1
פרופ' ג'פרי קשוק,0,0,0,0
פרופ' גדעון אלמוגי,1,1,1,0
פרופ' גיא הידש,1,1,1,1
פרופ' גיא להט,0,0,0,0
פרופ' גיל אמריליו,0,0,0,0
פרופ' גיל בולוטין,1,1,0,1
פרופ' גיל בר סלע,1,1,0,0
פרופ' גיל סיגל,0,0,0,0
פרופ' גל מרקל,0,0,0,0
פרופ' גליה אורון,0,0,0,0
פרופ' גלעד הורוביץ,0,0,0,0
פרופ' גלעד רבינא,0,0,0,0
פרופ' ג׳וש שרודר,1,1,1,1
פרופ' ג׳ק בניאל,0,0,0,0
פרופ' דב פלדברג,1,1,1,1
פרופ' דוד גויטיין,1,1,1,1
פרופ' דוד ורסנו,1,0,0,1
פרופ' דוד חזן,0,1,1,0
פרופ' דוד טנה,0,0,0,0
פרופ' דוד לב רן,0,0,0,0
פרופ' דוד לוריא,0,0,0,0
פרופ' דוד ליפשיץ,1,1,1,1
פרופ' דוד מרגל,0,0,0,0
פרופ' דוד סוריאנו,0,1,1,1
פרופ' דוד רוט,0,0,0,0
פרופ' דין עד אל,0,0,0,0
פרופ' דמיטרי יניקייב,1,0,0,0
פרופ' דן עטר,1,0,0,0
פרופ' דן פליס,0,0,0,0
פרופ' דן קרטר,0,0,0,0
פרופ' דנה אגוזי,0,0,0,0
פרופ' דניאל לנדאו,1,1,1,1
פרופ' דניאל סילברברג,0,0,0,0
פרופ' דניאל קפלן,0,0,0,0
פרופ' דניה הירש קולרמן,0,0,0,0
פרופ' דפנה לנדאו,1,0,0,0
פרופ' דרור שובל,0,0,0,1
פרופ' דרורית הוכנר,0,0,0,0
פרופ' דריו פרייס,1,0,0,0
פרופ' הרצל בן חור,1,1,0,0
פרופ' זיו בן ארי,0,0,0,0
פרופ' זיו מזור,0,0,0,0
פרופ' חגית שופל - חבקוק,0,1,0,1
פרופ' חוסה כהן,1,1,1,1
פרופ' חיים גוטמן,0,0,0,0
פרופ' חיים טל,0,0,0,0
פרופ' חיים קריסי,0,0,0,0
פרופ' חיים ראובני,0,0,0,0
פרופ' חלף כרידין,0,0,0,1
פרופ' חן הלוי,0,0,0,0
פרופ' טובה ליפשיץ,1,1,1,1
פרופ' טומס שפיצר,1,0,1,1
פרופ' יאיר מורד,0,1,1,0
פרופ' יאיר פלד,0,0,0,0
פרופ' יגאל וולמן,0,0,0,0
פרופ' יגאל רוטנשטרייך,1,0,0,0
פרופ' יואב ברנע,0,1,0,0
פרופ' יואב ינון,0,0,0,0
פרופ' יואב פלד,0,0,0,0
פרופ' יובל קריגר,0,1,0,0
פרופ' יונה קוסאשוילי,1,1,1,1
פרופ' יונתן רוט,0,0,0,0
פרופ' יוסי סמורזיק,0,0,0,0
פרופ' יוסי רוסמן,0,0,0,0
פרופ' יוסף מזרחי,0,0,0,0
פרופ' יוסף פרדו,0,0,0,0
פרופ' יורם אגמון,1,1,1,1
פרופ' יורם וייל,0,0,0,0
פרופ' יניב ורשבסקי,1,0,0,1
פרופ' יעל הברמן זיו,0,0,0,1
פרופ' יעל פארן,0,0,0,0
פרופ' יעקב אולך,0,0,0,0
פרופ' יעקב גניזי,0,0,1,1
פרופ' יעקב לברון,0,0,0,0
פרופ' יעקב מלצר,0,0,0,0
פרופ' יצחק ביטון,1,1,1,1
פרופ' יקיר רוטנברג,0,0,0,0
פרופ' יריב יוגב,0,0,0,0
פרופ' ישראל מייזנר,0,0,0,0
פרופ' לאון גרינהאוס,0,0,0,0
פרופ' לואיס שנקמן,0,0,0,0
פרופ' ליאוניד סטרניק,1,1,1,1
פרופ' ליאור הלר,1,1,1,1
פרופ' ליאור פרל,0,0,0,0
פרופ' ליאור שגב,0,1,0,1
פרופ' ליאת סמואלוב,0,0,1,1
פרופ' לימור הלפמן,0,0,0,0
פרופ' לירן הירש,0,0,0,0
פרופ' מוריס הרטשטיין,0,0,0,0
פרופ' מחמוד סולימאן,1,0,1,1
פרופ' מיכאל דוידזון,0,0,0,0
פרופ' מיכאל דרקסלר,0,1,1,1
פרופ' מיכאל יונש,0,0,0,0
פרופ' מיכאל כינורי,0,1,1,1
פרופ' מיכל לאופר-פרל,0,0,0,0
פרופ' מיכל לונץ,0,0,0,0
פרופ' מיכל קובו השרוני,1,1,1,0
פרופ' מיקלוש באלה,1,1,1,1
פרופ' מעין קניגשטיין,0,0,0,1
פרופ' מעין שלמה,0,0,0,0
פרופ' מרדכי גוטמן,1,1,1,0
פרופ' מרדכי קראוס,1,1,0,0
פרופ' מרדכי קרמר,0,0,0,0
פרופ' מרואן עודה,0,0,0,0
פרופ' מרים דוידוביץ',0,0,0,0
פרופ' מרתה דירנפלד,0,0,0,0
פרופ' משה סויסה,1,1,1,1
פרופ' נאסר סקרן,1,1,1,0
פרופ' נדב משען,0,1,1,1
פרופ' נועם שוחט,0,1,0,0
פרופ' ניב פנקוביץ',0,0,0,0
פרופ' ניצה גולדנברג כהן,0,0,0,0
פרופ' ניקולה מאג'ו,0,0,0,0
פרופ' ניר וסרברג,1,1,1,1
פרופ' ניר לובצקי,0,0,0,0
פרופ' ניר סורקין,0,0,0,0
פרופ' סטיבן מלניק,1,0,0,0
פרופ' סיגלית בלומר,0,0,0,0
פרופ' סימונה גלסברג,1,0,0,0
פרופ' סמי ניטצקי,0,0,0,0
פרופ' סער מנחה,0,0,1,1
פרופ' סרגיי ספקטור,1,1,1,1
פרופ' עדי לוריאן,0,0,0,0
פרופ' עודד כהן,0,1,1,1
פרופ' עודד נחליאלי,0,1,1,0
פרופ' עופר בהריר,0,0,0,0
פרופ' עופר גמר,1,1,1,1
פרופ' עופר חבקוק,0,0,0,0
פרופ' עופר מרגלית,0,0,0,0
פרופ' עופר פאינרו,1,0,0,0
פרופ' עידו לסקוב,0,0,0,0
פרופ' עירית אביבי,0,0,0,0
פרופ' עמוס נאמן,1,1,1,0
פרופ' עמית אסא,0,0,0,0
פרופ' עמית תירוש,0,0,0,0
פרופ' ענת גפטר גוילי,0,0,0,0
פרופ' ערן ברזילי,0,0,0,0
פרופ' ערן הורוביץ,1,0,0,0
פרופ' ערן שדות,0,1,1,1
פרופ' ערן תמיר,0,1,0,0
פרופ' פואד עאזם,1,1,1,0
פרופ' פריד נחול,0,0,0,0
פרופ' פרנסיס סרור,1,0,0,0
פרופ' צבי בנטואיץ,0,0,0,0
פרופ' צביה בורגנסקי - אליאש,1,0,0,0
פרופ' קובי סתיו,1,1,0,1
פרופ' קרינה נינה קריידן חרץ,0,0,0,0
פרופ' ראובן צימליכמן,0,0,0,0
פרופ' רון בלוססקי,0,0,0,0
פרופ' רון האוזר,0,0,0,0
פרופ' רוני לוי,0,0,0,0
פרופ' רוני קולרמן,0,0,0,0
פרופ' רונית מכטינגר,0,0,0,0
פרופ' רונן דבי,1,1,1,1
פרופ' רונן דורסט,0,0,0,0
פרופ' רועי אלדור,0,0,0,0
פרופ' רועי לנדסברג,0,1,1,0
פרופ' רועי מנו,1,1,0,0
פרופ' רינת גבאי בן זיו,0,0,0,0
פרופ' רלי הרשקוביץ,0,0,0,0
פרופ' רם אלעזרי,1,1,1,1
פרופ' רן כץ,1,1,0,0
פרופ' רענן ברגר,0,0,0,0
פרופ' רפאל בן אוליאל,0,0,0,0
פרופ' רפאל פיינמסר,1,1,0,1
פרופ' רפאל רוסו,1,1,1,1
פרופ' שי גולן,1,0,0,1
פרופ' שי שבת,0,0,0,0
פרופ' שמואל עיני,0,0,0,0
פרופ' שמואל פוקס,0,0,0,0
פרופ' שפרה לברטובסקי,0,0,0,0
פרופ' שרה שמעוני,1,0,1,1
פרופ' שרון אבנת תמיר,0,1,0,1
פרופ' שרון מסלוביץ,0,0,0,0
פרופ' שרון פרלמן,0,0,0,0
פרופ' שרינה לוי מנדלוביץ',0,0,0,0
פרופ` ג'ק בניאל,0,0,0,0
פרופ` זיו גיל,0,0,1,1
פרופ` יקי כהן,0,0,0,1
פרופ` מיכאל ויסבורד,0,0,0,0
פרופיל דוגמא,0,0,0,0
פרופיל דוגמה,1,1,0,0
פרופסור אבי סבג,0,0,0,0
פרופסור אביעד כהן,0,0,0,0
פרופ׳ אורי אלבז,1,0,0,0
פרופ׳ אליזבט הלף,0,0,0,0
פרופ׳ אנדרי קידר,1,1,0,1
פרופ׳ גלעד רגב,1,0,0,0
פרופ׳ טל וייסבאך,0,0,0,0
פרופ׳ טל מרום,0,0,0,0
פרופ׳ יעקב ביקלס,0,0,0,0
פרופ׳ סאמר ח'טיב,1,1,1,1
פרופ׳ עודד הרשקוביץ,0,0,0,0
פרופ׳ עידו שטראוס,0,0,0,0
פרופ׳ עמיחי רוטנשטרייך,0,0,0,0
פרופ׳ רוני טפר,0,0,0,0
פרופ’ אהוד רענני,1,1,1,1
פרופ’ שמי קרסו,0,0,0,0
פריאל גרנות,0,0,0,0
פרנק אטלן,1,0,1,0
צבי גוטמכר,0,0,0,0
צבי גור,1,1,1,1
צבי חי ברנע,0,0,0,0
צבי חן,0,0,0,0
צבי מילוא,1,0,0,0
צבי פוס,0,0,0,0
צביה פיי-כרמון,0,0,0,0
צביקה שטיינברגר,0,0,0,0
צוני סיגל,0,0,0,0
צח שרוני,0,0,0,0
צחי כהן,0,0,0,0
צחי סטמפלר,0,0,0,0
צחי שלקוביץ,0,1,1,0
ציפי שלם,0,0,0,0
קארין אריש,0,0,0,0
קובי  בנעים,0,0,0,0
קונסטנטין למיקין,0,1,1,0
קונסטנטין קגסוב,0,0,0,0
קוקוי לסיה (אולגה),0,0,0,0
קורין הרשקוביץ,0,0,0,0
קורנליוס נאסר,0,0,0,0
קטי שלוש,0,0,0,0
קטיה אלגרט,0,1,0,0
קטיה דולניקוב,0,0,0,0
קטיה דיזיצר,0,0,0,0
קטיה מקלר,1,0,0,0
קטיה סואבצקין,0,0,0,0
קטיה צ'אפצ'אי  dr. katya chapchay,0,0,0,0
קטרינה,0,0,0,0
קטרינה צ'רמיסין,0,0,0,0
קידר סרגיי,0,0,0,0
קיורר & ג'קסון,0,0,0,0
קינטיקס פיזיותרפיה ורפואת ספורט,1,0,0,0
קלאודיה לובנסקי,0,0,0,0
קליניקת מייקאובר makeover,0,0,0,0
קסניה קליין,0,0,0,0
קרין יעקובי-ביאנו,0,0,0,0
קרינה פוברצ'יק,0,0,0,0
קריסטינה זסלבסקי,0,0,0,0
קרלוס אידסס,0,1,1,0
קרלוס סימון,1,0,1,1
קרם עאמר,0,1,0,0
קרן אור זהבי,0,0,0,0
קרן אספרנה,0,0,0,0
קרן בושי - פיזיותרפיסטית,1,0,0,0
קרן בן ארי מעוז,0,1,0,0
קרן וייסנברג,0,0,0,0
קרן חיה כהן,0,0,0,0
קרן חמישה,0,1,1,0
קרן חת שוער,1,0,0,0
קרן יצחקי,0,0,0,0
קרן עמיאל,0,0,0,0
קרן רגב,0,0,0,0
קרן רום,0,0,0,0
קרן שם-טוב יונה,0,0,0,0
קשת רפואה - מרכז מומחים לאורתופדיה וכאב,0,0,0,0
קתרין חטיב סאחורי,0,0,0,0
ר דניאלה לזרוביץ',0,0,0,0
ראובן אקרמן,0,1,0,1
ראובן ישי,0,0,0,0
ראובן משיח,0,0,0,0
ראיד דלאל,0,0,0,0
ראיד חורי,0,0,0,0
ראיד עודה,0,0,0,0
ראמי גועבה,1,0,1,1
ראמי חורי,0,0,0,0
ראמייה פרמצ'נדרן - גאיה דנטל,0,0,0,0
ראני סוטי,0,0,0,0
ראפי חדאד,0,1,0,1
ראפת עביד,0,0,0,0
ראשאד סובח,0,0,0,0
רבאב ג'רג'ורה שוקייר,0,0,0,0
רבחי מנסור,1,0,0,0
רביע אדומי,0,0,0,0
רביע קאסם,1,1,0,0
רביע שחאדה,1,0,0,0
רבקה דייויס,0,0,0,0
רג'א נדאף,0,0,0,0
רגדה עבדאללה-אסלן,0,0,0,1
רדה זלטקין,0,0,0,0
רוברט וינשטוק,0,0,0,0
רוברט חדמי,0,0,0,0
רוברט יוסופוב,0,0,0,0
רוברט סטרן,0,0,0,0
רוברטו שפיגלמן,1,0,1,1
רוג'ה נג'אר,0,0,0,0
רוזי פלג,0,0,0,0
רוזנשטיין זאב,0,0,0,0
רוי הימל,0,0,0,0
רוי טמאן,0,0,0,0
רויטל גלעד,0,0,0,0
רויטל לינדר,1,0,0,0
רויטל פרסמן,0,0,0,0
רויטל שיראל,0,0,0,0
רוית גינת קוטון,0,0,0,0
רוית ינקו,0,0,1,0
רום מתן,0,0,0,0
רום קשת,0,0,0,0
רומן איטלמן,0,0,0,0
רומן איצקוביץ',0,0,0,0
רומן בס,0,1,0,0
רומן גרינברג,0,0,0,0
רומן מאירוביץ',0,0,0,0
רומן קיבלר,0,0,0,0
רון אלזמי,0,0,0,0
רון ארבל,1,1,1,1
רון בטש,0,1,1,0
רון בן יצחק - בשיבה בריאה,1,1,0,1
רון גולן,0,0,0,0
רון גילת,0,0,0,0
רון טנצר,0,0,0,0
רון יניב,0,0,0,0
רון יפה,0,0,0,0
רון עזריה ו רועי ענבר,0,0,0,0
רון פישל,0,0,0,0
רון פלק,0,0,0,0
רון פרי,0,0,0,0
רון קורמן,0,0,0,0
רון רוזנטל,1,1,1,1
רון שינמן,0,0,0,0
רון תורתי-גבעתי,0,0,0,0
רונזא נג'אר,0,0,0,0
רוני אברהמי,0,0,0,0
רוני אייכל,0,0,0,0
רוני איתן,0,0,0,0
רוני אמיד,0,0,0,0
רוני גלעד,0,0,1,0
רוני דקר,0,0,0,0
רוני טומשב,0,1,0,0
רוני כהן,1,0,0,1
רוני כוחן,0,0,0,0
רוני לבנשטיין,0,0,0,0
רוני מוסקונה,0,0,0,0
רוני נאסר,0,0,0,0
רוני קוליאקוב,1,0,0,1
רוני רהב,0,0,0,0
רוני רוזן,0,1,1,0
רוני שפירא-פרומר,0,0,0,0
רונית ברק,0,0,0,0
רונית גרון,0,0,0,0
רונית מושונוב,0,0,0,0
רונית עשת,1,0,0,0
רונית פרילינג,0,0,0,0
רונן איידלשטיין,0,0,0,0
רונן בן יוסף,0,0,0,0
רונן גלילי,0,0,0,0
רונן גספר,0,0,0,0
רונן דקלו,0,0,0,0
רונן חדי כהן,0,0,0,0
רונן מגון,0,0,0,0
רונן פומפ,0,0,0,0
רוסטיסלב נובק,0,0,0,0
רוסטיסלב שטלמך,0,0,0,0
רוסלן סוקולוב,1,0,1,0
רועי דעבול,0,0,0,0
רועי הולנד,0,0,0,0
רועי הולצמן,0,0,0,0
רועי ויתקון,0,0,0,0
רועי מורג,1,1,0,0
רועי סינגולדה,0,0,0,0
רות בלוך,0,0,0,1
רות גור,0,1,0,1
רות וינברג,0,0,0,0
רות יוסוביץ אולרייך,0,0,0,0
רות פרץ,0,0,0,0
רות פרצ'יק,0,0,0,0
רות שוורצמן כהן,0,0,0,0
רותם ענבר,0,0,0,0
רותם צור,0,0,0,0
רז בכר,0,0,0,0
רחל גפן,0,0,0,0
רחל ענר,0,0,0,0
ריאד חניפס,0,0,0,0
ריבה פיינמן,0,0,0,0
ריבי חייט פקטור,0,0,0,0
ריזאן נאשף,1,0,0,0
ריחניאן ראם,0,0,0,0
ריטה אליאנוב,0,0,0,0
ריטה קפוסטיאנסקי,0,0,0,0
רים ח'ורי,0,0,0,0
רים מסאלחה עסלי,0,0,0,0
רים סלים זידאן,0,0,0,0
רימה לאופר בריטבה,0,0,0,0
רינה גבריאלי,0,0,0,0
רינה טמיר יניב,1,0,1,0
רינה ענבר,0,0,0,0
רינת קהת,0,0,0,0
ריקי ברגל בסון,0,0,1,0
רלי רייכר,0,0,0,0
רם ירון,0,0,0,0
רם מור,0,0,0,0
רמזי קורד,0,0,0,0
רמי בלבנובסקי,0,0,0,0
רמי כרדוש,0,0,0,0
רמי סמור,0,0,0,0
רמי פוגל,0,1,0,0
רמית מעוז,0,0,0,0
רן אשר,0,0,0,0
רן בראונר,0,0,0,0
רן טיין,0,0,0,0
רן טליסמן,1,1,0,0
רן מטלוב קורמס,0,1,0,0
רן נגר,0,0,0,0
רן עצמון,0,0,0,0
רן שטיין,0,0,0,0
רנה חנא,1,1,1,1
רני אבו עיטה,0,0,0,1
רני פולק,0,0,0,0
רנין מסארוה,0,0,0,0
רנין שחאדה משעור,1,0,0,0
רעות הלפרין,0,0,0,0
רענן שגב,0,0,0,0
רפאל בולדס,0,0,0,0
רפאל ברון (בבקוב),0,0,0,0
רפאל הימל,0,0,0,0
רפאל הלקובר,0,1,0,0
רפאל מילר,0,0,0,0
רפאל משעניה m.ost,0,0,0,0
רפאל סריקוב,0,0,0,0
רפאל פיטוסי,0,0,0,0
רפאל רוזנסקי,0,0,0,0
רפואת שיניים בארבע ידיים,0,0,0,0
רפי קליין,0,1,1,1
רפית דרורי וסרברג,0,0,0,0
שאדי אבו סויס,1,0,0,0
שאדי חורי,0,1,0,0
שאדי כרכבי,0,0,0,0
שאדי סעדיה,0,0,0,0
שאדי עבדאללה,0,0,0,0
שאדי שחאדה,0,0,0,0
שאול דוידוביץ,0,0,0,0
שגיא בלבן,0,0,0,0
שגיא חי,0,0,0,0
שגית באטון,0,0,0,0
שגית משולם דרזון,0,0,0,0
שגית שושן,1,0,0,0
שגית שטרן שביט,0,0,0,0
שהם אליאס,1,1,0,0
שולמית לוריא,0,0,0,0
שולמית שורץ,1,1,1,0
שושנה דוד,0,1,0,0
שושנה שפירר,0,0,0,0
שחק יריב,0,0,0,0
שחר בלחש,0,0,0,0
שחר בת ציון,0,0,0,0
שחר גבע,0,0,0,0
שחר דריי,0,0,0,0
שחר טורפז,0,0,0,0
שחר קרן,0,0,0,0
שי אופיר גבע,0,0,0,0
שי ארליך,0,0,0,0
שי ברמן,0,1,1,0
שי ברנס,0,0,0,0
שי גוטפרוינד,0,1,0,0
שי גנדלר,0,0,0,0
שי ליבזון,1,0,1,0
שי מטלון,0,0,0,0
שי מרון אלדר,1,1,1,0
שי פוקס,0,0,0,0
שי פקטור,0,0,0,0
שי קהת אופיר,1,1,1,1
שי קרן,1,0,0,1
שי שמש,1,1,1,0
שי שניידר,0,1,0,0
שיקומלא דורון יואלי פיזיותרפיה,0,0,0,0
שיר דר,0,0,0,0
שיר קרנר,0,0,0,0
שיר שמיר,0,0,1,0
שירה אליאב,0,0,0,0
שירה אסבן,0,0,0,0
שירה גיל פישמן,0,0,0,0
שירה הראל,0,0,0,0
שירה חתומי,1,0,0,0
שירה פינשטיין,0,0,0,0
שירה רביב,0,0,0,0
שירה שור,0,1,0,0
שירי גורדון - פליקס,0,0,0,0
שירי וינברג הנדל,0,0,0,0
שירי רון ברצ'ילון,0,0,0,0
שירין חאמד עזאם,0,1,1,0
שירין שיראזיאן ברכה,0,0,0,0
שירית כזום בייזר,0,0,0,0
שירלי אבירי - וייסל,0,0,0,0
שירלי בוקאי,0,0,0,0
שירלי בן-עמי קורנט,1,0,0,0
שירלי יניב,0,0,0,0
שירלי שוחט,1,0,0,0
שירן ברי,0,0,0,0
שירן ברששת,0,0,0,0
שירן רייס הוס,0,0,0,1
שכטר מנחם,0,1,1,0
שלהב איזנברג מלמוד,0,0,0,0
שלומי לדרמן,0,0,0,0
שלומי ריימן,0,0,0,0
שלומית מחלב שיבי,0,0,0,0
שלומית קורן,0,0,0,0
שלי ליכטנברג קשת,0,0,0,0
שלמה אליאס,0,0,0,0
שלמה כהן,0,0,0,0
שלמה לזרוביץ',0,0,0,0
שלמה מרחבי,1,0,0,1
שמאלי שמאלי,0,0,0,0
שמואל אזרואל,0,0,0,0
שמואל גרוס,0,0,0,0
שמואל גרפי,0,0,0,0
שמואל לוי,0,0,0,0
שמואל רויזמן,1,1,1,0
שמוליק יצחק,0,0,0,0
שמוליק מאירסדורף,0,0,1,0
שמוליק ענבר,1,0,0,0
שמעון ארונהיים,0,0,0,0
שמעון ספוז'ניקוב,0,0,0,0
שמעון קולקר,0,0,0,0
שנטל זיתון-אזוגי,0,0,0,0
שני זילברמן איצקוביץ,0,0,0,0
שני ליפמן,0,0,0,0
שני סולטנוב,0,0,0,0
שני קולפ,0,0,0,0
שני שרמן,0,0,0,0
שניר דקלו,0,0,0,0
שניר הלר,1,0,0,0
שנן שר אוסטאופת בכיר 33 שנות נסיון,0,0,0,0
שקד דלה פרגולה,0,0,0,0
שקד מנשה,0,0,0,0
שרה כהן,0,0,0,0
שרה סלע,0,1,0,0
שרה-לין וייס,0,0,0,0
שרון אדם,0,0,0,0
שרון אסרף,0,0,0,0
שרון ארמרניק,0,0,0,0
שרון ביאליסטוק,0,0,0,0
שרון בלום מאירוביץ,0,0,0,0
שרון בן ברוך,0,0,0,0
שרון ברכר זכאי,0,0,0,0
שרון ברנר,0,0,0,0
שרון ברקוביץ,0,0,0,0
שרון גוטמן רובינס,0,1,0,0
שרון גרינפלד,0,0,0,0
שרון זנדבנק,0,1,0,1
שרון ינושבסקי,0,0,0,0
שרון מרקו כהן,0,0,0,0
שרון צחורי,0,0,0,0
שרונה צ'רניאק,0,0,0,0
שרית ברק,0,0,0,0
שרית רוזנפלד - מרפאת מומחים ברפואת השיניים,0,0,0,0
תאי פריזם,0,0,1,0
תאמר חלאילה,0,0,0,0
תאמר סייד אחמד,0,0,0,0
תהל אלטמן,0,0,0,0
תומר איזנברג,1,0,0,0
תומר גרינר,0,0,0,0
תומר חזן,0,0,0,0
תומר חרס,0,0,0,0
תומר כהן,1,1,0,0
תומר פורטנוי,0,0,0,0
תומר פרלוק,0,0,0,0
תומר שחר,0,0,0,0
תות גלאי,0,0,0,0
תחסין יונס,0,0,0,0
תירוש פיזיותרפיה וספורט,1,0,0,0
תלס מוחמד,1,0,0,1
תם אלקסלסי,0,0,0,0
תמי פרנקל,0,0,0,0
תמי ציוני,1,0,0,0
תמי ליאורה מגן,0,0,0,0
תמיר וינברג,0,0,0,0
תמיר שי,0,0,0,0
תמר אברמוביץ,0,0,0,0
תמר אדהאן,0,0,0,0
תמר איצקוביץ,0,0,0,0
תמר אלרם,0,0,0,0
תמר גרין,0,0,0,0
תמר דוקרסקי מרקס,0,0,0,0
תמר הלפרין בן עמי,0,0,0,0
תמר פינקלשטיין,0,0,0,0
תמר צור,0,0,0,0
תמר קורן,0,0,0,0
תמר שלו,0,1,0,1
תמר שפרן,0,0,0,0
תמרה אליזוב-פישל,0,0,0,0
תנע פזיותרפיה,1,0,0,0
תרצה נעמן,0,0,0,0
‎פולס פיזיו - pulse physio‎,1,0,0,0
‏זהר בן הרואה,0,0,0,0
