moh_name,med_name,moh_specialty,med_specialty,spec_match
ברבלק איל,"ד""ר איל ברבלק",כירורגיה אורתופדית,אורתופדיית עמוד שדרה,False
לאופר גיל,"ד""ר גיל לאופר",כירורגיה אורתופדית,אורטופד,False
אורון אמיר,"ד""ר אמיר אורון",כירורגיה של היד,כירורגיה של היד,True
אורי אופיר,"ד""ר אופיר אורי",כירורגיה אורתופדית,כירורגיה אורתופדית,True
סלע ירון,"ד""ר ירון סלע",כירורגיה אורתופדית,"כירורגיה אורתופדית, כירורגית כף יד",True
חדש אורי,"ד""ר אורי חדש",כירורגיה אורתופדית,כירורגיה אורתופדית,True
משען נדב,פרופ' נדב משען,יילוד וגינקולוגיה,גינקולוגיה ומיילדות,False
ברקוביץ ירון,"ד""ר ירון ברקוביץ",כירורגיה אורתופדית,אורתופדיה,False
אגמון ארנון,"ד""ר ארנון אגמון",יילוד וגינקולוגיה,אולטרסאונד במיילדות גינקולוגיה ופריון,False
פרל ליאור,פרופ' ליאור פרל,רפואה פנימית,"רפואה פנימית, קרדיולוגיה",True
מעוז גיא,"ד""ר גיא מעוז",כירורגיה אורתופדית,כירורגיה אורטופדית,False
ארמון נעם,"ד""ר נעם ארמון",כירורגיה פלסטית ואסתטית,כירורגיה פלסטית,True
ברוכים אילן,פרופ' אילן ברוכים,יילוד וגינקולוגיה,"יילוד וגינקולוגיה, רפואת נשים",True
לובובסקי עמרי,"ד""ר עמרי לובובסקי",כירורגיה אורתופדית,"החלפת מפרקים, אורתופדיה",False
פרידמן בוריס,"ד""ר בוריס פרידמן",כירורגיה אורולוגית,אורולוגיה כירורגית,False
רובינראוט אסתר,"ד""ר אסתר רובינראוט",כירורגיה של היד,אורטופדיה,False
חוראני ניזאר,"ד""ר ניזאר חוראני",נוירולוגיה,נוירולוגיה,True
יוטקין ולדימיר,"ד""ר ולדימיר יוטקין",כירורגיה אורולוגית,כירורגיה אורולוגית,True
חדי אפרת,"ד""ר אפרת חדי",יילוד וגינקולוגיה,רפואת נשים,False
דבי רונן,פרופ' רונן דבי,כירורגיה אורתופדית,החלפות מפרקים - ברכיים וירכיים,False
חדד ערן,"ד""ר ערן חדד",כירורגיה פלסטית ואסתטית,כירורגיה פלסטית,True
אטינגר מיכאל,"ד""ר מיכאל אטינגר",קרדיולוגיה,רפואת שיניים,False
פרנקין יוליה,"ד""ר יוליה פרנקין",,רפואה אסתטית,False
ויסמן אורן,"ד""ר אורן ויסמן",כירורגיה פלסטית ואסתטית,כירורגיה פלסטית,True
פרידמן גיא,"ד""ר גיא פרידמן",כירורגיה אורתופדית,"רפואת שיניים - בוגר ביה""ס לרפואת שיניים באוניברסיטת תל אביב",False
חי נועם,"ד""ר נועם חי",כירורגיה פלסטית ואסתטית,כירורגיה פלסטית,True
לפידוס לב,"ד""ר לב לפידוס",כירורגיה אורתופדית,אורטופדיה,False
רויבורט משה,"ד""ר משה רויבורט",יילוד וגינקולוגיה,טיפולי פוריות והפריה חוץ גופית,False
שפירא עמוס,"ד""ר עמוס שפירא",יילוד וגינקולוגיה,"פלסטיקה ואגינלית, גניקולוגיה ומיילדות",False
ליטובצ'יק איליה,"ד""ר איליה ליטובצ'יק",רפואה פנימית,קרדיולוגיה,False
ריסין ירון,"ד""ר ירון ריסין",כירורגיה פלסטית ואסתטית,כירורגיה פלסטית ואסתטית,True
הנדלר ישראל,"ד""ר ישראל הנדלר",יילוד וגינקולוגיה,גינקולוגיה ומיילדות,False
קליין הילה,"ד""ר הילה קליין",רפואת המשפחה,כירורג פה ולסת,False
מנספלד דפנה,"ד""ר דפנה מנספלד",רפואה פנימית,רפואה פנימית,True
טיסונה אריאל,"ד""ר אריאל טיסונה",כירורגיה פלסטית ואסתטית,כירורגיה פלסטית,True
וולף יורם,"ד""ר יורם וולף",יילוד וגינקולוגיה,כירורגיה פלסטית,False
הדס דן,"ד""ר דן הדס",קרדיולוגיה ילדים,"קרדיולוגית ילדים, רפואת ילדים, הפרעות קצב ילדים, קרדיולוגיית ספורט והפרעות קצב בספורטאים",False
פורמן אריאל,"ד""ר אריאל פורמן",כירורגיה אורתופדית,אורתופדיה החלפת מפרקים,False
שינמן רון,"ד""ר רון שינמן",יילוד וגינקולוגיה,"אנדומטריוזיס, כירורגיה גינקולוגית",False
הלר ליאור,פרופ' ליאור הלר,כירורגיה כללית,כירורגיה פלסטית ואסתטית,False
מילט ערן,"ד""ר ערן מילט",כירורגיה פלסטית ואסתטית,כירורגיה פלסטית,True
זיידר ניר,"ד""ר ניר זיידר",מחלות עיניים,רפואת עיניים,False
פוקס שמואל,פרופ' שמואל פוקס,רפואה פנימית,קרדיולוגיה,False
אטון אהוד,פרופ' אהוד אטון,כירורגיה אורתופדית,כירורגיה אורתופדית,True
גרפי שמואל,"ד""ר שמואל גרפי",מחלות עיניים,עיניים,True
אמיר משה,"ד""ר משה אמיר",,רפואה אסתטית,False
שבו יוסף,"ד""ר יוסף שבו",,רפואה אסתטית,False
ברחמן יורי,"ד""ר יורי ברחמן",גסטרואנטרולוגיה,גסטרואנטרולוגיה,True
פרידמן מוני,"ד""ר מוני פרידמן",כירורגיה כללית,רפואה אסתטית ומכשור לייזר המתקדם בעולם,False
חטיב פאיז,"ד""ר פאיז חטיב",יילוד וגינקולוגיה,"יילוד וגינקולוגיה, רפואת נשים",True
נתנזון ניר,"ד""ר ניר נתנזון",דרמטולוגיה-מחלות עור ומין,עור ומין,True
שולמן אורי,"ד""ר אורי שולמן",כירורגיה פלסטית ואסתטית,כירורגיה פלסטית,True
בדני עמנואל,"ד""ר עמנואל בדני",כירורגיה פלסטית ואסתטית,כירורגיה פלסטית,True
סגל אורי,פרופ' אורי סגל,מחלות עיניים,רפואת עיניים,False
קריינר ברונו,"ד""ר ברונו קריינר",,כירורג פה ולסת,False
קוסאשוילי יונה,פרופ' יונה קוסאשוילי,כירורגיה אורתופדית,כירורגיה אורתופדית,True
קדמי עמית,"ד""ר עמית קדמי",כירורגיה של היד,"כירורגיה אורתופדית, כירורגית כף היד",False
אמיתי אמיר,"ד""ר אמיר אמיתי",כירורגיה אורתופדית,כירורגיה אורתופדית,True
דר שיר,"ד""ר שיר דר",יילוד וגינקולוגיה,מיילדות וגניקולוגיה,False
יונאי יניב,"ד""ר יניב יונאי",כירורגיה אורתופדית,"פציעות ספורט, כירורגיה אורטופדית",False
בראל אריק,"ד""ר אריק בראל",כירורגיה פלסטית ואסתטית,כירורגיה פלסטית,True
פינקל אוקסנה,"ד""ר אוקסנה פינקל",,מחלות עור ומין,False
אלדר אורן,"ד""ר אורן אלדר",דרמטולוגיה-מחלות עור ומין,עור ומין,True
תמיר ערן,פרופ' ערן תמיר,כירורגיה אורתופדית,כירורגיה אורתופדית,True
גולדמן ולדימיר,"ד""ר ולדימיר גולדמן",כירורגיה אורתופדית,אורתופדיה,False
ברנע יואב,פרופ' יואב ברנע,כירורגיה פלסטית ואסתטית,כירורגיה פלסטית ורפואה אסתטית,False
חייטון אלכסיי,"ד""ר אלכסיי חייטון",טיפול נמרץ כללי,רפואה אסתטית,False
רוזן מירה,"ד""ר מירה רוזן",,רפואה אסתטית,False
אברמסון אלכס,"ד""ר אלכס אברמסון",,כירורג פה ולסת,False
פינק אנדרו,"ד""ר אנדרו פינק",מחלות עיניים,"טיפולים מתקדמים לעיניים יבשות, ניתוחי לייזר להסרת משקפיים",False
הראל אביקם,"ד""ר אביקם הראל",דרמטולוגיה-מחלות עור ומין,רפואת עור ומין,False
גת איתי,פרופ' איתי גת,יילוד וגינקולוגיה,מיילדות וגינקולוגיה,False
שרון נעמי,"ד""ר נעמי שרון",רפואת המשפחה,מומחית ברפואת משפחה,False
פישל רון,"ד""ר רון פישל",כירורגיה פלסטית ואסתטית,כירורגיה פלסטית ואסתטית,True
פיצ'וגין נטליה,"ד""ר נטליה פיצ'וגין",,רפואה אסתטית,False
מנחה סער,פרופ' סער מנחה,קרדיולוגיה,קרדיולוגיה,True
שרוני צח,"ד""ר צח שרוני",כירורגיה פלסטית ואסתטית,כירורגיה פלסטית ואסתטית,True
הוס ניר,"ד""ר ניר הוס",כירורגיה אורתופדית,אורתופדיה,False
נאמן עמוס,פרופ' עמוס נאמן,כירורגיה אורולוגית,אורולוגית ילדים ומבוגרים,False
בורג אלון,"ד""ר אלון בורג",כירורגיה אורתופדית,כירורגיה אורתופדית,True
חג'אזי מאהר,"ד""ר מאהר חג'אזי",גריאטריה,"גריאטריה, פנימית",True
איצקסון מיכאל,"ד""ר מיכאל איצקסון",כירורגיה פלסטית ואסתטית,כירורגיה פלסטית,True
שלום אבשלום,פרופ' אבשלום שלום,כירורגיה פלסטית ואסתטית,כירורגיה פלסטית,True
קרן דין,"ד""ר דין קרן",גסטרואנטרולוגיה,גסטרואנטרולוגיה (מחלות דרכי עיכול),True
לייבו ליאור,"ד""ר ליאור לייבו",כירורגיה פלסטית ואסתטית,כירורגיה פלסטית,True
סרוקה גדעון,"ד""ר גדעון סרוקה",כירורגיה כללית,כירורגיה כללית,True
קעואר מנאר,"ד""ר מנאר קעואר",כירורגיה פלסטית ואסתטית,כירורגיה פלסטית,True
הרן גבי,"ד""ר גבי הרן",יילוד וגינקולוגיה,גינקולוגיה ומיילדות,False
שחר טל,"ד""ר טל שחר",נוירוכירורגיה,נוירוכירורגיה,True
אביבי ערן,"ד""ר ערן אביבי",כירורגיה אורתופדית,כירורגיה אורתופדית,True
ברגר אורי,"ד""ר אורי ברגר",,רפואה אסתטית,False
יעקבי איל,"ד""ר איל יעקבי",כירורגיה אורתופדית,"אורתופדיה, כירורגיה אורתופדית",True
מטאנס אליאס,"ד""ר אליאס מטאנס",כירורגיה פלסטית ואסתטית,כירורגיה פלסטית,True
נחמני גיא,"ד""ר גיא נחמני",כירורגיה פלסטית ואסתטית,"כירורגיה פלסטית, ניתוחים משחזרים ואסתטיים",False
עבוד וסים,"ד""ר וסים עבוד",,כירורגיית פה ולסתות,False
בנקוביץ ואדים,"ד""ר ואדים בנקוביץ",כירורגיה אורתופדית,"כירורגיה אורטופדית, השתלת מפרקים",False
ח'ורי אמג'ד,"ד""ר אמג'ד ח'ורי",,רפואה אסתטית,False
מסלקוב איליה,"ד""ר איליה מסלקוב",רפואה פנימית,"ראומטולוגיה, רפואה פנימית",True
בורשטין גדעון,"ד""ר גדעון בורשטין",כירורגיה אורתופדית,"החלפות מפרקי ברך וירך, טיפול בפגיעות ספורט, פגיעות במניסקוס, פגיעות סחוס ורצועתיות",False
גרש איגור,"ד""ר איגור גרש",כירורגיה אורתופדית,"כירורגיה אורתופדית, מנתח כתף וברך",True
רז נטע,"ד""ר נטע רז",כירורגיה אורתופדית,"אורתופדיה עמוד שדרה, כירורגיה אורתופדית",True
מורג רועי,"ד""ר רועי מורג",כירורגיה אורולוגית,"אורולוגית ילדים, אורולוגית מבוגרים",False
מורג אופיר,"ד""ר אופיר מורג",רפואה לשיכוך כאב,רפואת הכאב,False
ברוכין אוהד,"ד""ר אוהד ברוכין",יילוד וגינקולוגיה,"הריון בסיכון, פריון, IVF",False
אביזמר חגי,"ד""ר חגי אביזמר",מחלות עיניים,"רפואת עיניים,  ניתוחי קטרקט וקרנית",False
טנצר רון,"ד""ר רון טנצר",כירורגיה פלסטית ואסתטית,כירורגיה פלסטית,True
זיתון-אזוגי שנטל,"ד""ר שנטל זיתון-אזוגי",דרמטולוגיה-מחלות עור ומין,רפואת עור,False
חדאד אליאס,"ד""ר אליאס חדאד",כירורגיה אורתופדית,"כירורגיה אורטופדית, אורתופדיה עמוד שדרה",False
צביאלי אורן,"ד""ר אורן צביאלי",כירורגיה אורתופדית,"כירורגיה אורטופדית, כתף ומרפק",False
לבר ליאור,"ד""ר ליאור לבר",כירורגיה אורתופדית,"רפואת ספורט, כירורגיה אורטופדית",False
גרישין סבטלנה,"ד""ר סבטלנה גרישין",פסיכיאטריה,פסיכיאטריה,True
אלפרט יואב,"ד""ר יואב אלפרט",יילוד וגינקולוגיה,"גינקולוגיה ומיילדות, אולטרסאונד במיילדות",False
פרסיץ אסף,"ד""ר אסף פרסיץ",כירורגיה פלסטית ואסתטית,"כירורגיה פלסטית, רפואה אסתטית",False
טשליקוב ודים,"ד""ר ודים טשליקוב",נוירולוגיה,רפואת כאב,False
ליברזון אהרון,"ד""ר אהרון ליברזון",כירורגיה אורתופדית,"כירורגיה אורתופדית, כף רגל וקרסול",True
טיין רן,"ד""ר רן טיין",כירורגיה אורתופדית,"כירורגיה אורטופדית, רפואת ספורט, ארתרוסקופיה",False
שפירר אוריאל,פרופ' אוריאל שפירר,מחלות עיניים,"רפואת עיניים, מחלות עיניים בילדים, ניתוחי פזילה בילדים ומבוגרים, דרכי דמעות, עין עצלה",True
בס רומן,"ד""ר רומן בס",רפואת ילדים,אורולוגיה,False
קזנסקי איגור,"ד""ר איגור קזנסקי",כירורגיה אורתופדית,"החלפת מפרקי ירך וברך, כירורגיה אורטופדית",False
מגון רונן,"ד""ר רונן מגון",דרמטולוגיה-מחלות עור ומין,"רפואת עור (דרמטולוגיה), רפואה אסתטית, רפואת לייזר",False
ברמן איתן,"ד""ר איתן ברמן",דרמטולוגיה-מחלות עור ומין,"דרמטולוג, רופא עור מומחה",False
מיח'איל מוסטפא סוזנה,"ד""ר סוזנה מוסטפא מיח'איל",יילוד וגינקולוגיה,"אורוגינקולוגיה, כירורגיה משקמת של רצפת האגן, כירורגיה גניקולוגית, רפואת נשים",False
שי תמיר,"ד""ר תמיר שי",כירורגיה פלסטית ואסתטית,כירורגיה פלסטית,True
פינקלשטיין תמר,"ד""ר תמר פינקלשטיין",,יישור שיניים ולסתות (אורתודונטיה),False
שטיין רן,"ד""ר רן שטיין",מחלות עיניים,"אוקולופלסטיקה, רפואת עיניים, רפואה אסתטית",False
איגרא הלנה,"ד""ר הלנה איגרא ",דרמטולוגיה-מחלות עור ומין,"שאיבת שומן בהרדמה מקומית - ""SafeLipo""",False
פרויליך דביר,"ד""ר דביר פרויליך",כירורגיה כללית,כירורגיה בריאטרית,False
שגב ליאור,פרופ' ליאור שגב,כירורגיה כללית,"כירורגיה כללית, כירורגיה קולורקטלית ופרוקטולוגית",True
כרמון עינת,"ד""ר עינת כרמון",כירורגיה כללית,כירורגיית שד אונקולוגית,False
גויטיין דוד,פרופ' דוד גויטיין,כירורגיה כללית,"כירורגיה כללית, כירורגיה לפרוסקופית, כירורגיה בריאטרית",True
מנוסקין יורי,"ד""ר יורי מנוסקין",כירורגיה כללית,"כירורגיה כללית, כירורגיה לפרוסקופית, בקעים",True
צ'טרג'י סומיט,"ד""ר סומיט צ'טרג'י",מחלות ריאה,"רפואה פנימית , מחלות ריאה, רפואת ריאות פולשנית, מחלות COPD, פלאורה, אסטמה פיברוזיס ריאתי, סרקואידוזיס, אבחון סרטן מוקדם",True
ח'טיב סאמר,פרופ׳ סאמר ח'טיב,הרדמה,"מומחה ומנתח למחלות הרשתית והזגוגית, מנתח קטרקט בכיר",False
ריבו יוליה,"ד""ר יוליה ריבו",הרדמה,רפואה אסתטית,False
לסקוב עידו,פרופ' עידו לסקוב,יילוד וגינקולוגיה,גינקולוגיה אונקולוגית,False
סעדיה עדי,"ד""ר עדי סעדיה",דרמטולוגיה-מחלות עור ומין,"רפואת עור, כירורגיה דרמטולוגית, ניתוחי MOHs, רפואה אסתטית",False
באלה מיקלוש,פרופ' מיקלוש באלה,כירורגיה כללית,"כירורגיה כללית, טראומה מורכבת, כירורגיה דחופה, טיפול נמרץ כירורגי, כירורגיה לפרוסקופית",True
סאיג וסים,"ד""ר וסים סאיג",מחלות א.א.ג. וכירורגיית ראש-צוואר,"אף אוזן גרון , כירורגית ראש צוואר",False
פלדמן ויקטור,"ד""ר ויקטור פלדמן",כירורגיה של היד,כירורגיה אורטופדית,False
גיל ירון,"ד""ר ירון גיל",יילוד וגינקולוגיה,"כירורגיה גינקולוגית זעיר פולשנית מתקדמת, רפואת נשים",False
ארליך אורי,"ד""ר אורי ארליך",יילוד וגינקולוגיה,"רפואת נשים, סקירת מערכות, שקיפות עורפית, דיקור מי שפיר, הדמיות תלת וארבע ממד, מעקב היריון",False
לוי יעקב,"ד""ר יעקב לוי",אלרגולוגיה ואימונולוגיה קלינית,"כירורגיית פה ולסת, עקירות, השתלות שיניים",False
איתן אורי,"ד""ר אורי איתן",,רפואה אסתטית,False
קורן טל,"ד""ר טל קורן",מחלות עיניים,"אנדודונטיה (טיפולי שורש), רפואת שיניים",False
לבנון אסף,"ד""ר אסף לבנון",כירורגיה כללית,כירורגית כלי דם,False
פיינברג אירינה,"ד""ר אירינה פיינברג",יילוד וגינקולוגיה,"צוואר הרחם, כירורגיה גינקולוגית, רפואת נשים",False
חייפץ אלכסנדר,"ד""ר אלכסנדר חייפץ",,"אורולוגיה כללית, אורולוגיה אונקולוגית, סרטן הערמונית, מחלות ערמונית ",False
גרון רונית,"ד""ר רונית גרון",רפואה פנימית,"נפרולוגיה, יתר לחץ דם",False
וולף עומר,"ד""ר עומר וולף",כירורגיה פלסטית ואסתטית,כירורגיה פלסטית,True
איל ניר,"ד""ר ניר איל",כירורגיה פלסטית ואסתטית,"כירורגיה פלסטית, מיקרוכירורגיה",False
מזרחי עידו,"ד""ר עידו מזרחי",כירורגיה כללית,כירורגיה קולורקטלית ופרוקטולוגית,False
רבינא גלעד,פרופ' גלעד רבינא,מחלות עיניים,"מחלות רשתית, ניתוחי רשתית, ניתוחי קטרקט",False
גולן יצחק,"ד""ר יצחק גולן",מחלות א.א.ג. וכירורגיית ראש-צוואר,"ניתוחי אף פלסטיים,  משולבים, רפואיים ואסתטיים. כירורגיה מתקנת ומשחזרת של האף והפנים.ניתוחי מחמצת האף. תיקון וטיפול בשברים באף.ניתוחים לתיקון הנשימה.",False
יונס מחמוד,"ד""ר מחמוד יונס",רפואה פנימית,"פריודונטיה (מחלות חניכיים), שתלים דנטליים",False
גועבה ראמי,"ד""ר ראמי גועבה",רפואה פנימית,קרדיולוגיה פולשנית,False
אלטמן ערן,"ד""ר ערן אלטמן",יילוד וגינקולוגיה,"פוריות האישה, פוריות הגבר",False
זינגר מנחם,"ד""ר מנחם זינגר",כירורגיה אורתופדית,אורתופדית ילדים,False
גולן אורית,"ד""ר אורית גולן",רדיולוגיה אבחנתית,"רדיולוגיה, דימות שד",False
גליק עופר,"ד""ר עופר גליק",מחלות א.א.ג. וכירורגיית ראש-צוואר,"ניתוחי אף וסינוסים, פלסטיקה משחזרת של הפנים, רפואה אסתטית",False
זנתי ירון,"ד""ר ירון זנתי",דרמטולוגיה-מחלות עור ומין,"רפואת עור, השתלות שיער",False
זילברליכט אריאל,"ד""ר אריאל זילברליכט",יילוד וגינקולוגיה,"אורוגניקולוגיה, רפואת נשים",False
נג'אר רוג'ה,"ד""ר רוג'ה נג'אר",כירורגיה פלסטית ואסתטית,כירורגיה פלסטית,True
הלר שניר,"ד""ר שניר הלר",כירורגיה אורתופדית,"החלפת מפרקים, כירורגיה אורתופדית",True
צור רותם,"ד""ר רותם צור",כירורגיה פלסטית ואסתטית,כירורגיה פלסטית,True
לויטס אליהו,פרופ' אליהו לויטס,יילוד וגינקולוגיה,"פוריות, מיילדות, גניקולוגיה",False
גבריאל ניר,"ד""ר ניר גבריאל",כירורגיה כללית,"כירורג כלי דם, כירורגיה כללית",True
אוריון דוד,"ד""ר דוד אוריון",נוירולוגיה,נוירורדיולוגיה פולשנית (צנתור מוח),False
להב גיל,"ד""ר גיל להב",מחלות א.א.ג. וכירורגיית ראש-צוואר,אוטולוגיה,False
רויזמן שמואל,"ד""ר שמואל רויזמן",כירורגיה אורולוגית,כירורגיה אורולוגית שחזורית ותפקודית,True
אלעזרי רם,פרופ' רם אלעזרי,כירורגיה כללית,כירורגיה בריאטרית,False
אולשינקה אסף,"ד""ר אסף אולשינקה",כירורגיה פלסטית ואסתטית,"כירורגיה פלסטית ואסתטית, כירורגיה פלסטית של ילדים, כירורגיה קרניופציאלית",True
רצ'קימן מאיר,"ד""ר מאיר רצ'קימן",כירורגיה פלסטית ואסתטית,כירורגיה פלסטית ואסתטית,True
גור צבי,"ד""ר צבי גור",מחלות עיניים,"פלסטיקה של העין, עפעפיים, דרכי דמעות וארובת העין",False
ענר אלן,"ד""ר אלן ענר",כירורגיה אורתופדית,"חוות דעת רפואית משפטית אורתופדית, אורתופדיה ילדים, כירורגיה אורתופדית",True
אטלן פרנק,"ד""ר פרנק אטלן",כירורגיה של היד,"כירורגיה של היד, מיקרוכירורגיה של כף יד, ארטרוסקופיה של כף יד",True
קורן ליאור,"ד""ר ליאור קורן",כירורגיה של היד,"כירורגיית כף יד, אורתופדיה, חוות דעת רפואית משפטית",False
שושן שגית,"ד""ר שגית שושן",מחלות א.א.ג. וכירורגיית ראש-צוואר,אף אוזן גרון ילדים ומבוגרים,False
חדייר אמיר,"ד""ר אמיר חדייר",מחלות עיניים,"עיניים, קטרקט, רשתית, טיפולי לייזר",False
אופיר איתי,"ד""ר איתי אופיר",כירורגיה אורתופדית,אורטופדיה,False
מליקוב פיוטר,"ד""ר פיוטר מליקוב",נוירולוגיה,"מומחה בינלאומי לטיפול במיגרנה, כאבי ראש ופנים",False
פרל ליאת,"ד""ר ליאת פרל",רפואת ילדים,"רפואת ילדים, אנדוקרינולוגית ילדים, רפואת מגדר",True
מור יורם,"ד""ר יורם מור",רפואה לשיכוך כאב,"כאב, שיקום",False
חתומי שירה,"ד""ר שירה חתומי",כירורגיה אורולוגית,אורולוגיה,False
ספיר דניאל,"ד""ר דניאל ספיר",רפואת ילדים,"הפרעות קשב וריכוז, התפתחות הילד, רפואת ילדים",True
כרמון משה,"ד""ר משה כרמון",כירורגיה כללית,כירורגית שד,False
הנדלר אייל,"ד""ר אייל הנדלר",כירורגיה אורתופדית,אורתופדיה עמוד שדרה,False
סגל נעמה,"ד""ר נעמה סגל",יילוד וגינקולוגיה,"מחלות צוואר הרחם, מחלות עריה ולדן, רפואת נשים.",False
יניב רון,"ד""ר רון יניב",דרמטולוגיה-מחלות עור ומין,"רפואת עור, רפואה אסתטית",False
טסלר גילי,"ד""ר גילי טסלר",מחלות עיניים,קטרקט,False
מאג'ו ניקולה,פרופ' ניקולה מאג'ו,נוירולוגיה,"נוירולוגיה, אפילפסיה,כאבי ראש, סחרחורות,ירידה בזכרון",True
סימנובסקי נאום,"ד""ר נאום סימנובסקי",כירורגיה אורתופדית,אורטופדיה ילדים,False
שיבר שחף,פרופ שחף שיבר,רפואה דחופה,ראומטולוגיה,False
צוקרמן בני,"ד""ר בני צוקרמן",כירורגית בית החזה - מסלול כירורגית חזה כללית,ניתוחי חזה,False
בלאל ביאדר,"ד""ר ביאדר בלאל",כירורגיה פלסטית ואסתטית,"כירורגיה פלסטית, רפואה אסתטית",False
באבאיב מאיר,"ד""ר מאיר באבאיב",דרמטולוגיה-מחלות עור ומין,"רפואת עור, אסתטיקה רפואית, לייזרים",False
אבנר יניב,"ד""ר יניב אבנר",מחלות א.א.ג. וכירורגיית ראש-צוואר,"אף אוזן גרון ילדים, ניתוחי ראש צוואר ילדים",False
אלדר עידו,"ד""ר עידו אלדר",יילוד וגינקולוגיה,"טיפולי פוריות, רפואת נשים",False
רוטנשטרייך יגאל,פרופ' יגאל רוטנשטרייך,מחלות עיניים,"קטרקט, רפואת עיניים, מחלות רשתית",False
ברשטיין יגאל,"ד""ר יגאל ברשטיין",רדיולוגיה אבחנתית,"רדיולוגיה אבחנתית, אולטרסאונד",True
הרשקוביץ עודד,פרופ׳ עודד הרשקוביץ,כירורגיה אורתופדית,אורתופדיה עמוד שדרה,False
בניזרי סנדרה,"ד""ר סנדרה בניזרי",נוירולוגיה,"נוירולוגיה, פרקינסון",True
הלר אייל,"ד""ר אייל הלר",כירורגיה אורתופדית,אורתופדיה קרסול וכף רגל,False
זיידין אנה,"ד""ר אנה זיידין",יילוד וגינקולוגיה,רפואת נשים,False
ביבי גיא,"ד""ר גיא ביבי",יילוד וגינקולוגיה,כירורגיה גינקולוגית,False
אלבגלי אסף,"ד""ר אסף אלבגלי",כירורגיה אורתופדית,אורתופדיית כף רגל וקרסול,False
זנדבנק שרון,"ד""ר שרון זנדבנק",כירורגיה פלסטית ואסתטית,"כירורגיה פלסטית, רפואה אסתטית",False
פרלוק תומר,"ד""ר תומר פרלוק",כירורגיה פלסטית ואסתטית,"כירורגיה פלסטית, רפואה אסתטית",False
לינדנר דרור,"ד""ר דרור לינדנר",כירורגיה אורתופדית,רפואת ספורט אורתופדית,False
כרמל אלדר,"ד""ר אלדר כרמל",מחלות א.א.ג. וכירורגיית ראש-צוואר,אף אוזן גרון ילדים,False
טננבאום אריאל,"ד""ר אריאל טננבאום",,אנדוקרינולוגית ילדים,False
סגל עמית,"ד""ר עמית סגל",כירורגיה אורתופדית,"אורתופדיית ילדים, ניתוחי עמוד שדרה בילדים",False
רוזינסקי פיליפ,"ד""ר פיליפ רוזינסקי",כירורגיה אורתופדית,"ניתוחי כתף וירך, אורתופדית ספורט, החלפות מפרקים",False
יריומין ולדיסלב,"ד""ר ולדיסלב יריומין",נוירולוגיה,נוירולוגיה,True
שאשה נדב,"ד""ר נדב שאשה",כירורגיה אורתופדית,"החלפות מפרקים, כירורגיה אורתופדית",True
רוזן רוני,"ד""ר רוני רוזן",גסטרואנטרולוגיה,גסטרואנטרולוגיה ומחלות כבד,True
ברנט בני,"ד""ר בני ברנט",יילוד וגינקולוגיה,"גניקולוגיה אונקולוגית, סרטן רחם, סרטן שחלות, נגעים טרום ממאירים של צוואר הרחם וסרטן צוואר הרחם, סרטן העריה, מחלת הטרופובלאסט, ניתוחים משמרי פוריות בנשים עם מחלת סרטן, טיפול בנשאיות BRCA",False
דהן משה,"ד""ר משה דהן",כירורגיה אורתופדית,"רפואת ספורט אורתופדית, כירורגיה אורתופדית",True
קליין דורון,"ד""ר דורון קליין",כירורגיה פלסטית ואסתטית,"כירורגיה פלסטית, רפואה אסתטית",False
רויטמן דינה,דינה רויטמן,,,False
ברלינר אורי,"ד""ר אורי ברלינר",מחלות עיניים,"ניתוחי עיניים, ניתוח קטרקט, לייזר SLT, יאג לייזר, פטריגיום, הסרת ירוד, מומחה גלאוקומה, מומחה קטרקט",False
לוריא דוד,פרופ' דוד לוריא,קרדיולוגיה,"קרדיולוגיה, טיפול בהפרעות קצב (אלקטרופיזיולוגיה)",True
רוביצקי אלכסיי,"ד""ר אלכסיי רוביצקי",כירורגיה אורתופדית,"מומחה לאורתופדיה קרסול וכף רגל, טראומה אורטופדית",False
קרן יניב,"ד""ר יניב קרן",כירורגיה אורתופדית,טראומה אורתופדית,False
סוריאנו דוד,פרופ' דוד סוריאנו,יילוד וגינקולוגיה,"כירורגיה גניקולוגית, אנדומטריוזיס, ניתוחים לפרוסקופים, ניתוחים היסטרוסקופיים ורפואת נשים",False
טיאוסנו לירן,"ד""ר לירן טיאוסנו",מחלות עיניים,"קטרקט, מחלות רשתית וזגוגית",False
פלאח מאזן,"ד""ר מאזן פלאח",כירורגיה אורתופדית,"רפואת ספורט אורתופדית, ארטרוסקופיה, החלפות ברכיים",False
גרייב נביל,"ד""ר נביל גרייב",כירורגיה אורתופדית,"החלפת מפרק ירך, החלפת ברך , ניתוחים רובוטיים.",False
ביבס אסף,"ד""ר אסף ביבס",כירורגיה אורתופדית,אורתופדיה כתף,False
כראם טוני,"ד""ר טוני כראם",כירורגית כלי דם,כירורגית כלי דם,True
ביטרמן ניר,"ד""ר ניר ביטרמן",כירורגיה פלסטית ואסתטית,"כירורגיה פלסטית, רפואה אסתטית",False
שרקון שפיץ טליה,"ד""ר טליה שפיץ שרקון",,רפואה אסתטית,False
זינגר יובל,"ד""ר יובל זינגר",,רפואה אסתטית,False
שלו תמר,"ד""ר תמר שלו",רפואה פנימית,"גסטרואנטרולוגיה, רפואה פנימית",True
ברק רונית,"ד""ר רונית ברק",כירורגיה כללית,כירורגיה כללית,True
גנדלמן עומר,"ד""ר עומר גנדלמן",ראומטולוגיה,"ראומטולוגיה, רפואה פנימית",True
יעקוב עפיף,"ד""ר עפיף יעקוב",רפואה פנימית,גסטרואנטרולוגיה,False
להט אילון,"ד""ר אילון להט",כירורגיה כללית,כירורגיה הפטוביליארית,False
מרסיאנו גיא,"ד""ר גיא מרסיאנו",יילוד וגינקולוגיה,"רפואת נשים, היסטרוסקופיה אבחנתית וניתוחית",False
רז אהוד,"ד""ר אהוד רז",יילוד וגינקולוגיה,"רפואת נשים, הפסקת הריון",False
סינגולדה רועי,"ד""ר רועי סינגולדה",כירורגיה פלסטית ואסתטית,"כירורגיה פלסטית, רפואה אסתטית",False
אורון טל,"ד""ר טל אורון",אנדוקרינולוגיה ילדים,אנדוקרינולוגית ילדים,False
תירוש עמית,פרופ' עמית תירוש,רפואה פנימית,גידולים נוירו-אנדוקריניים,False
בלאו אילן,"ד""ר אילן בלאו",מחלות א.א.ג. וכירורגיית ראש-צוואר,רינולוגיה,False
רוק עודד,"ד""ר עודד רוק",מחלות עיניים,"עיניים ילדים, פזילה",False
שייר אורי,"ד""ר אורי שייר",מחלות עיניים,"ניתוחי קטרקט מורכבים, בשילוב עדשות מתקדמות (פרימיום), רפואת עיניים",False
ברקאי אולגה,"ד""ר אולגה ברקאי",רפואה פנימית,גסטרואנטרולוגיה,False
דרוקר ליאור,"ד""ר ליאור דרוקר",יילוד וגינקולוגיה,"רפואת נשים/גינקולוגיה, אולטרה סאונד",False
איל אורי,"ד""ר אורי איל",רפואת ילדים,כירורגית כלי דם,False
קוליקוב ויקטוריה,"ד""ר ויקטוריה קוליקוב",רפואה גרעינית,פענוח PET-CT,False
מרחבי שלמה,"ד""ר שלמה מרחבי",מחלות א.א.ג. וכירורגיית ראש-צוואר,"אף אוזן גרון, בלוטת התריס",False
לאור ענת,"ד""ר ענת לאור",כירורגית ילדים,"רפואה אסתטית, השתלת שיער",False
גרשנוב אוקסנה,"ד""ר אוקסנה גרשנוב",,"רפואה אסתטית, דרמטולוגיה קוסמטית",False
פלג אורי,"ד""ר אורי פלג",מחלות א.א.ג. וכירורגיית ראש-צוואר,אף אוזן גרון,False
ארבל אריאל,"ד""ר אריאל ארבל",יילוד וגינקולוגיה,"יילוד, גינקולוגיה ופריון",False
ברק שרית,"ד""ר שרית ברק",יילוד וגינקולוגיה,"אורוגינקולוגיה, רפואת נשים, פלסטיקה וגינלית",False
פרידמן עדי,"ד""ר עדי פרידמן",יילוד וגינקולוגיה,"אולטרה סאונד גינקולוגי, רפואת נשים",False
לוי עמוס,"ד""ר עמוס לוי",רפואה פנימית,"קרדיולוגיה פולשנית, צנתורי לב",False
מסלוביץ שרון,פרופ' שרון מסלוביץ,יילוד וגינקולוגיה,"רפואת נשים, גינקולוגיה, אולטרה סאונד גינקולוגי, הריון בסיכון גבוה",False
ליפסקר אסתר,"ד""ר אסתר ליפסקר",כירורגיה אורתופדית,"כירורגיה של היד, אורטופדיה כף יד",False
ורסנו דוד,פרופ' דוד ורסנו,מחלות עיניים,רפואת עיניים,False
חייצ'יק משה,"ד""ר משה חייצ'יק",מחלות א.א.ג. וכירורגיית ראש-צוואר,אף אוזן גרון ילדים,False
גולדן אורן,"ד""ר אורן גולדן",כירורגיה פלסטית ואסתטית,"כירורגיה פלסטית, אסתטיקת פנים",False
כרמלי עידן,"ד""ר עידן כרמלי",כירורגיה כללית,"כירורגיה כללית ולפרוסקופית, בריאטריה (קיצור קיבה)",True
כהן ניר,"ד""ר ניר כהן",רפואת ילדים,"אורתופדיה, החלפות מפרקים, אורתופדיה ברכיים ומפרקי ירכיים",False
ליבנה טל,"ד""ר טל ליבנה",רפואת המשפחה,"רפואת ספורט, טיפול בכאב",False
אולנובסקי דוד,"ד""ר דוד אולנובסקי",מחלות א.א.ג. וכירורגיית ראש-צוואר,אף אוזן גרון ילדים,False
ארנברג מרים,"ד""ר מרים ארנברג",מחלות עיניים,"עיניים ילדים, פזילה, התאמת משקפיים, עין עצלה",False
ביטמן גנדי,"ד""ר גנדי ביטמן",יילוד וגינקולוגיה,"אורוגינקולוגיה, גינקולוגיה",False
הולנדר ליאורה,"ד""ר ליאורה הולנדר",כירורגיה פלסטית ואסתטית,"כירורגיה פלסטית, רפואה אסתטית, אסתטיקת פנים",False
ישראלי גלית,"ד""ר גלית ישראלי",רפואת ילדים,"אנדוקרינולוגיה ילדים, רפואת ילדים",True
פבלובסקי מור,"ד""ר מור פבלובסקי",דרמטולוגיה-מחלות עור ומין,עור ומין – ילדים ומבוגרים,False
איסקוב דוד,"ד""ר דוד איסקוב",יילוד וגינקולוגיה,"פריון, מיילדות וגינקולוגיה",False
הורוביץ ערן,פרופ' ערן הורוביץ,יילוד וגינקולוגיה,"רפואת נשים, פריון האישה",False
אפשטיין אסף,"ד""ר אסף אפשטיין",כירורגיה אורתופדית,"כירורגיה אורתופדית, רפואת כאב, טראומה אורתופדית",True
גולדס יורי,"ד""ר יורי גולדס",כירורגיה כללית,"כירורגיה אונקולוגית, כירורגיה כללית",True
וסרמן אילן,"ד""ר אילן וסרמן",כירורגיה כללית,"כירורגיה קולורקטלית, כירורגיה כללית, כירורגית שד",True
אופיר חגית,"ד""ר חגית אופיר",יילוד וגינקולוגיה,כירורגיה פלסטית,False
שטרנהיים אמיר,"ד""ר אמיר שטרנהיים",כירורגיה אורתופדית,"אורתופדיה אונקולוגית, אורתופדיה",False
יריב אור,"ד""ר אור יריב",יילוד וגינקולוגיה,"רפואת נשים, אולטרה סאונד גינקולוגי",False
פלד יואב,פרופ' יואב פלד,יילוד וגינקולוגיה,"רפואת נשים, גיל המעבר",False
זיפמן אייל,"ד""ר אייל זיפמן",גאסטרואנטרולוגיה ילדים,גסטרואנטרולוגיה ילדים,False
לביא דוד,"ד""ר דוד לביא",המטולוגיה,"רפואת שיניים, שיקום הפה, השתלות שיניים",False
אלבז אורי,פרופ׳ אורי אלבז,מחלות עיניים,"רפואת עיניים, קטרקט, קרנית",False
נאסר סלים,"ד""ר סלים נאסר",,רפואה אסתטית,False
נובק רוסטיסלב,"ד""ר רוסטיסלב נובק",כירורגיה אורתופדית,"אורתופדיה אונקולוגית, כירורגיה אורתופדית, טיפול בכאבים כרוניים וחריפים",True
אדלר אלדד,"ד""ר אלדד אדלר",מחלות עיניים,"רפואת עיניים, קטרקט, קרנית",False
פרץ איתי,פרופ' איתי פרץ,כירורגיה אורתופדית,"אורתופדיה, החלפות מפרקים, רפואת ספורט אורתופדית",False
פרוימוביץ מירון,"ד""ר מירון פרוימוביץ",יילוד וגינקולוגיה,"גינקולוגיה, פריון האישה",False
קובליוק נטליה,"ד""ר נטליה קובליוק",מחלות עיניים,רפואת עיניים,False
רוזנבאום עומר,"ד""ר עומר רוזנבאום",דרמטולוגיה-מחלות עור ומין,עור,True
אהרונוב מירי,"ד""ר מירי אהרונוב",דרמטולוגיה-מחלות עור ומין,רפואת עור,False
חורי מאהר,"ד""ר מאהר חורי",מחלות א.א.ג. וכירורגיית ראש-צוואר,אף אוזן גרון וניתוחי וניתוחים פלסטיים של האף והפנים,False
ברזילי ערן,פרופ' ערן ברזילי,יילוד וגינקולוגיה,"רפואת נשים, רפואת אם ועובר, אולטרסאונד",False
שויחטמן יבגני,"ד""ר יבגני שויחטמן",כירורגיה אורתופדית,"טראומה אורתופדית, חוות דעת רפואית משפטית",False
שמש שי,"ד""ר שי שמש",מחלות א.א.ג. וכירורגיית ראש-צוואר,"אורתופדיה החלפות מפרקים, אורתופדיה אונקולוגית",False
קמר חגי,"ד""ר חגי קמר",כירורגיה כללית,כירורגיה ילדים,False
סדן דרור,"ד""ר דרור סדן",כירורגיה פלסטית ואסתטית,"כירורגיה פלסטית, רפואה אסתטית",False
פלמנוביץ' אסקיאל,פרופ' אסקיאל פלמנוביץ',כירורגיה אורתופדית,אורתופדיה קרסול וכף רגל,False
לוי אולג,"ד""ר אולג לוי",כירורגיה אורולוגית,אורולוגיה,False
גנוט גיל,"ד""ר גיל גנוט",כירורגיה אורתופדית,אורתופדיה קרסול וכף רגל,False
שעלאן אמין,"ד""ר אמין שעלאן",,רפואה אסתטית,False
חיימוב ניסים,"ד""ר ניסים חיימוב",כירורגיה אורתופדית,אורתופדיה קרסול וכף רגל,False
הרמן אמיר,פרופ' אמיר הרמן,כירורגיה אורתופדית,אורתופדיה החלפות מפרקים,False
גורצק יאיר,"ד""ר יאיר גורצק",כירורגיה אורתופדית,אורתופדיה אונקולוגית,False
שגיא ליהי,"ד""ר ליהי שגיא",מחלות א.א.ג. וכירורגיית ראש-צוואר,"אף אוזן גרון וניתוחי ראש צוואר, ניתוחי אף פלסטיים, רפואה אסתטית",False
איתן אמנון,"ד""ר אמנון איתן",קרדיולוגיה,"קרדיולוגיה, קרדיולוגיה פולשנית, צנתורי לב",True
מסארוה איהם,"ד""ר איהם מסארוה",,רפואה אסתטית,False
קליין רפי,"ד""ר רפי קליין",כירורגיה כללית,"כירורגית שד, מלנומה, כירורגיה כללית, רפואה אסתטית",True
שכטר אדוארדו,"ד""ר אדוארדו שכטר",יילוד וגינקולוגיה,"רפואת נשים, צוואר הרחם",False
אורון גליה,פרופ' גליה אורון,יילוד וגינקולוגיה,"רפואת נשים, פריון האישה",False
גליק מירית,"ד""ר מירית גליק",דרמטולוגיה-מחלות עור ומין,עור ומין,True
אידלסון אנה,"ד""ר אנה אידלסון",יילוד וגינקולוגיה,מיילדות וגינקולוגיה,False
שטבהולץ יריב,"ד""ר יריב שטבהולץ",כירורגיה אורולוגית,אורולוגיה,False
חייקין אלכסנדר,"ד""ר אלכסנדר חייקין",יילוד וגינקולוגיה,גינקולוגיה,True
ברבארה עאדל,"ד""ר עאדל ברבארה",מחלות עיניים,"רפואת עיניים, קרנית, קטרקט, הסרת משקפיים בלייזר, מיופיה קונטרול בילדים",False
פרוסו איליה,"ד""ר איליה פרוסו",כירורגיה אורתופדית,אורתופדיה החלפות מפרקים,False
לינדר רויטל,"ד""ר רויטל לינדר",יילוד וגינקולוגיה,"גינקולוגיה אונקולוגית, צוואר הרחם, רפואת נשים",False
גורדון אלה,"ד""ר אלה גורדון",נוירולוגיה,נוירולוגיה,True
וסרברג ניר,פרופ' ניר וסרברג,כירורגיה כללית,"כירורגיה קולורקטלית, כירורגיה כללית",True
לויט-רוזן לורין,"ד""ר לורין לויט-רוזן",יילוד וגינקולוגיה,"רפואת נשים, הריון בסיכון גבוה",False
רוט דוד,פרופ' דוד רוט,רפואה פנימית,"קרדיולוגיה מניעתית וטיפולית, רפואה פנימית",True
קובל טל,"ד""ר טל קובל",מחלות עיניים,"פלסטיקה של העין והארובה, רפואת עיניים",False
אקרמן להבית,"ד""ר להבית אקרמן",דרמטולוגיה-מחלות עור ומין,"עור ומין, אסתטיקה רפואית, מיצוק וחיטוב גוף ולייזר רפואי",False
הוכברג עירית,"ד""ר עירית הוכברג",אנדוקרינולוגיה,"אנדוקרינולוגיה, אוסטאופורוזיס, סוכרת",True
שפיגלמן רוברטו,"ד""ר רוברטו שפיגלמן",נוירוכירורגיה,"נוירוכירורגיה, רדיוכירורגיה סטריאוטקטית",True
מרגלית עופר,פרופ' עופר מרגלית,אונקולוגיה מסלול אונקולוגיה רפואית,אונקולוגיה,True
פלדמן איתמר,"ד""ר איתמר פלדמן",גריאטריה,"גריאטריה, ראומטולוגיה, פסיכוגריאטריה",True
נסאר חלים,"ד""ר חלים נסאר",פסיכיאטריה,פסיכיאטריה,True
ברקו אפרים,"ד""ר אפרים ברקו",מחלות עיניים,"רפואת עיניים, ניתוחי קטרקט ורשתית, ניתוחי קטרקט מורכבים, מחלות רשתית",False
אולשינקה נועם,"ד""ר נועם אולשינקה",כירורגיה אורתופדית,אורתופדיה אונקולוגית,False
עצמון יובל,"ד""ר יובל עצמון",יילוד וגינקולוגיה,"רפואת נשים, פריון האישה",False
אגמון יורם,פרופ' יורם אגמון,רפואה פנימית,"קרדיולוגיה, אקו לב, מחלות מסתמי הלב",False
חדאד ראפי,"ד""ר ראפי חדאד",נוירולוגיה,"נוירולוגיה, הפרעות תנועה, נוירולוגיה קוגניטיבית",True
אברהמי רוני,"ד""ר רוני אברהמי",יילוד וגינקולוגיה,"גינקולוגיה, מעקב הריונות מיוחדים",False
שדות ערן,פרופ' ערן שדות,כירורגיה כללית,"כירורגיה כללית, ניתוחי כבד, לבלב, ודרכי מרה",True
ענבר רותם,"ד""ר רותם ענבר",יילוד וגינקולוגיה,רפואת נשים,False
חטיב מוחמד,"ד""ר מוחמד חטיב",כירורגיה אורתופדית,"אורתופדיה, החלפות מפרקים",False
מילוא צבי,"ד""ר צבי מילוא",יילוד וגינקולוגיה,"רפואת נשים, נערות ומתבגרות, מעקב הריונות מיוחדים, הריון בסיכון גבוה",False
אבנט חגי,"ד""ר חגי אבנט",יילוד וגינקולוגיה,"רפואת נשים, אולטרסאונד מיילדותי וגינקולוגי ורפואת עובר",False
צ'רמיסין וסילי,"ד""ר וסילי צ'רמיסין",כירורגיה אורתופדית,"אורתופדית כתף, אורתופדיה של גפה עליונה",False
ספוז'ניקוב שמעון,"ד""ר שמעון ספוז'ניקוב",כירורגיה כללית,"כירורגיה, בריאטריה, קיצור קיבה, כירורגיה לפרוסקופית, בקעים",False
מני אריאל,פרופ' אריאל מני,יילוד וגינקולוגיה,"רפואת נשים, הריון בסיכון גבוה, ניתוחים קיסריים",False
פרידל נדב,"ד""ר נדב פרידל",רפואת ילדים,רפואת עור ומין מבוגרים,False
קגסוב קונסטנטין,"ד""ר קונסטנטין קגסוב",כירורגיה אורתופדית,אורתופדיה קרסול וכף רגל,False
יניב יונה,"ד""ר יונה יניב",כירורגיה אורתופדית,אורטופדיה של כף היד,False
גורדין אריה,"ד""ר אריה גורדין",מחלות א.א.ג. וכירורגיית ראש-צוואר,אף אוזן גרון ילדים,False
קורן אמיר,"ד""ר אמיר קורן",דרמטולוגיה-מחלות עור ומין,"רפואת עור ושיער, רפואה אסתטית",False
אשכנזי משה,"ד""ר משה אשכנזי",רפואת ילדים,מחלות ריאה ילדים,False
קולקר שמעון,"ד""ר שמעון קולקר",קרדיולוגיה,קרדיולוגיה,True
קורן נטלי,"ד""ר נטלי קורן",יילוד וגינקולוגיה,"רפואת נשים, מעקב הריון, גיניקולוגיה של ילדות ומתבגרות, רפואת גיל המעבר",False
כזום אפי,"ד""ר אפי כזום",כירורגיה אורתופדית,"אורתופדיה, מנתח כתף",False
בניאמינסון ילנה,"ד""ר ילנה בניאמינסון",רפואה פנימית,רפואה אסתטית,False
גורביץ סופיה,"ד""ר סופיה גורביץ",יילוד וגינקולוגיה,"רפואת נשים, כירורגיה גניקולוגית",False
ראובני חיים,פרופ' חיים ראובני,רפואת ילדים,"רפואת עור, רפואה אסתטית",False
עודה מרואן,פרופ' מרואן עודה,יילוד וגינקולוגיה,"גינקולוגיה, אולטרה סאונד גינקולוגי",False
גרובר נועה,"ד""ר נועה גרובר",אנדוקרינולוגיה ילדים,אנדוקרינולוגיה ילדים,True
קורן ארנון,"ד""ר ארנון קורן",כירורגיה כללית,"כירורגית כלי דם וורידים, ניתוחי לייזר תוך ורידי",False
שושני אוהד,"ד""ר אוהד שושני",כירורגיה אורולוגית,"אורולוגיה, פריון הגבר",False
בלוססקי רון,פרופ' רון בלוססקי,יילוד וגינקולוגיה,"רפואת נשים, סקירת מערכות",False
מוצמכר לריסה,"ד""ר לריסה מוצמכר",מחלות עיניים,"רפואת עיניים, מחלות הרשתית והזגוגית",False
אולך איילת,"ד""ר איילת אולך",דרמטולוגיה-מחלות עור ומין,"עור, עור ילדים",False
שחאדה שאדי,"ד""ר שאדי שחאדה",,"כירורגיית פה ולסת, רפואת שיניים",False
קלסוב יורי,"ד""ר יורי קלסוב",כירורגיה אורתופדית,כירורגיה אורטופדית,False
שבת שי,פרופ' שי שבת,כירורגיה אורתופדית,אורתופדית עמוד שדרה,False
פאינרו עופר,פרופ' עופר פאינרו,יילוד וגינקולוגיה,"פריון האישה, הפרייה חוץ גופית (IVF)",False
גולדשטיין יריב,"ד""ר יריב גולדשטיין",כירורגיה אורתופדית,אורתופדית כתף,False
סיגל גיל,פרופ' גיל סיגל,מחלות א.א.ג. וכירורגיית ראש-צוואר,"רפואת האף והסינוסים, רפואת אף אוזן גרון ילדים, סחרחורות",False
כרמי אור,"ד""ר אור כרמי",ראומטולוגיה,"ראומטולוגיה, רפואה פנימית",True
ברקוביץ עינב,"ד""ר עינב ברקוביץ",דרמטולוגיה-מחלות עור ומין,"עור, רפואה אסתטית",False
אבישר ענבל,"ד""ר ענבל אבישר",מחלות עיניים,"פלסטיקה של העין והארובה, רפואת עיניים",False
תמימי אשרף,"ד""ר אשרף תמימי",כירורגיה אורולוגית,אורולוגיה,False
פלדברג דב,פרופ' דב פלדברג,יילוד וגינקולוגיה,"פריון האישה, פריון הגבר, גינקולוגיה",False
חזן ינון,"ד""ר ינון חזן",יילוד וגינקולוגיה,"רפואת נשים, סקירת מערכות, דיקור מי שפיר,  אולטרסאונד, שקיפות עורפית",False
פטרוסב אנה,"ד""ר אנה פטרוסב",יילוד וגינקולוגיה,"גיל מעבר, צוואר הרחם, מחלות וולווה והעריה, סקסולוגיה",False
הוסטובסקי אבנר,"ד""ר אבנר הוסטובסקי",מחלות עיניים,"רשתית, קטרקט, רפואת עיניים",False
ליטווק מרק,"ד""ר מרק ליטווק",,"רפואה טבעית, פצעי לחץ, כיבים, נמק",False
פלג איתי,"ד""ר איתי פלג",אנדוקרינולוגיה ילדים,אנדוקרינולוגיה ילדים,True
גרובר אריה,"ד""ר אריה גרובר",כירורגיה אורתופדית,"כירורגיה אורתופדית, אורתופדית עמוד שדרה",True
לוין-קולדיוק יבגניה,"ד""ר יבגניה לוין-קולדיוק",רפואה לשיכוך כאב,טיפול בכאב,False
שחר יאיר,"ד""ר יאיר שחר",כירורגיה פלסטית ואסתטית,כירורגיה פלסטית,True
חרמון הילה,"ד""ר הילה חרמון",כירורגיה כללית,"כירורגית שד, בריאטריה קיצור קיבה, כירורגיה כללית ולפרוסקופית.",True
שוחט נועם,פרופ' נועם שוחט,כירורגיה אורתופדית,"אורתופדיה ברכיים, אורתופדיה החלפות מפרקים",False
פרדו יוסף,פרופ' יוסף פרדו,קרדיולוגיה,"מחלות זיהומיות בהריון, פריון האישה, אולטרה סאונד גינקולוגי, נערות ומתבגרות",False
נגר רן,"ד""ר רן נגר",יילוד וגינקולוגיה,"רפואת נשים, סקירות מערכות, אולטרה סאונד  גינקולוגי אולטרה סאונד מכוון אנדומטריוזיס",False
פלדון מיכל,"ד""ר מיכל פלדון",רפואת ילדים,"ראומטולוגיה ילדים, רפואת ילדים",True
לוי לירן,"ד""ר לירן לוי",רפואה פנימית,מחלות ריאה,False
בראנסי לילה,"ד""ר לילה בראנסי",דרמטולוגיה-מחלות עור ומין,מחלות עור ומין מבוגרים / ילדים,False
בכר דב,"ד""ר דב בכר",יילוד וגינקולוגיה,"פריון האישה, פריון הגבר, גינקולוגיה",False
רוזנטל יואב,"ד""ר יואב רוזנטל",כירורגיה אורתופדית,אורתופדיה מרפק וכתף,False
מור רם,"ד""ר רם מור",מחלות ריאה,מחלות ריאה,True
קוגן מיכאל,"ד""ר מיכאל קוגן",הרדמה,רפואה אסתטית,False
נתיב טל,"ד""ר טל נתיב",כירורגיה אורתופדית,"כירורגית כף יד , אורתופד כף יד , מנתח כף יד",False
שמעוני שרה,פרופ' שרה שמעוני,קרדיולוגיה,"קרדיולוגיה, מחלות מסתמיות, אקו לב, אקו לב במאמץ",True
גלוזמן ישראל,"ד""ר ישראל גלוזמן",פסיכיאטריה,פסיכיאטריה,True
ארגז אודי,"ד""ר אודי ארגז",יילוד וגינקולוגיה,"אולטרה סאונד גינקולוגי, מעקב הריונות מיוחדים, הריון בסיכון גבוה, גינקולוגיה",False
הירש לירן,פרופ' לירן הירש,יילוד וגינקולוגיה,"מעקב היריון בסיכון, אולטרא סאונד מיילדותי",False
שרים גיא,"ד""ר גיא שרים",יילוד וגינקולוגיה,"גינקולוגיה ופוריות, הפריה חוץ גופית ומעקב הריון",False
דוחנו אולג,"ד""ר אולג דוחנו",כירורגיה כללית,"כירורגיה לפרוסקופית, ניתוחים בריאטרים",False
ויינר לריסה,"ד""ר לריסה ויינר",,רפואה אסתטית,False
אונגר ירון,"ד""ר ירון אונגר",מחלות א.א.ג. וכירורגיית ראש-צוואר,אף אוזן גרון,False
טרחטנברוייט איליה,"ד""ר איליה טרחטנברוייט",נוירולוגיה,נוירולוגיה,True
וייס יוסף,"ד""ר יוסף וייס",כירורגיה כללית,אורתופדיה כללית,False
גרדוב לאון,"ד""ר לאון גרדוב",כירורגיה אורתופדית,"אורתופדיה , קרסול וכף רגל, טיפול מחליף ניתוח, חוות דעת משפטית.",False
תירוש עירית,"ד""ר עירית תירוש",ראומטולוגיה,ראומטולוגיה ילדים,True
ברוסילוב מיכאל,"ד""ר מיכאל ברוסילוב",יילוד וגינקולוגיה,"סקירות ושקיפויות, מומחה ברפואת נשים, רפואת נשים ויולדות, יילוד וגינקולוגיה",True
לביא יובל,"ד""ר יובל לביא",יילוד וגינקולוגיה,"מומחה אורוגינקולוגיה, רפואת רצפת האגן ואנדוסקופיה",False
ברקוביץ ליאור,"ד""ר ליאור ברקוביץ",רדיולוגיה אבחנתית,"רדיולוגיה אבחנתית, דימות פרקים, שלד ושריר",True
פרקש פטרו,"ד""ר פטרו פרקש",נוירולוגיה,נוירולוגיה,True
ווליוביץ יאיר,"ד""ר יאיר ווליוביץ",נוירולוגית ילדים והתפתחות הילד,נוירולוגיה ילדים,False
יעקבי הראל,"ד""ר הראל יעקבי",כירורגיה כללית,ניתוחים רובוטיים - מערכת עיכול עליונה,False
פז מורן,"ד""ר מורן פז",יילוד וגינקולוגיה,רופא ומנתח בכיר ביחידה האנדוסקופית,False
בלינסון נטלה,"ד""ר נטלה בלינסון",רפואה פנימית,מומחית לגריאטריה ורפואה פנימית,True
ברקוביץ שרון,"ד""ר שרון ברקוביץ",,רפואה אסתטית,False
סלבוטסקי אינה,"ד""ר אינה סלבוטסקי",פסיכיאטריה,פסיכיאטריה,True
איזנברג תומר,"ד""ר תומר איזנברג",כירורגיה פלסטית ואסתטית,כירורגיה פלסטית,True
כהן תומר,"ד""ר תומר כהן",אנטומיה פתולוגית,רפואת ספורט אורתופדית,False
פלק רון,"ד""ר רון פלק",פסיכיאטריה,פסיכוגריאטריה,False
כץ אורן,"ד""ר אורן כץ",דרמטולוגיה-מחלות עור ומין,רפואת עור ומין,False
קירשטיין בוריס,פרופ' בוריס קירשטיין,כירורגיה כללית,כירורגיה כללית,True
אורבוך ערן,"ד""ר ערן אורבוך",מחלות א.א.ג. וכירורגיית ראש-צוואר,אף אוזן גרון וכירורגיית ראש-צוואר,False
שחאדה וסים,"ד""ר וסים שחאדה",דרמטולוגיה-מחלות עור ומין,רפואת שיניים,False
יששכר אסף,"ד""ר אסף יששכר",גסטרואנטרולוגיה,מחלות כבד,False
פרסטר חזי,"ד""ר חזי פרסטר",כירורגיה אורתופדית,אורתופדיית עמוד השדרה,False
אהרונוביץ אנה,"ד""ר אנה אהרונוביץ",דרמטולוגיה-מחלות עור ומין,רפואת עור ומין,False
ארביטמן מרינה,"ד""ר מרינה ארביטמן",פסיכיאטריה,פסיכיאטריה של מבוגרים (מגיל 18),True
לוינסון-תבור אורנה,"ד""ר אורנה לוינסון-תבור",יילוד וגינקולוגיה,"רפואת נשים, סקירת מערכות, דיקור מי שפיר, אולטרסאונד מיילדותי וגינקולוגי, שקיפות עורפית",False
ברנר ברוך,פרופ' ברוך ברנר,אונקולוגיה,אונקולוגיה,True
הראל שירה,"ד""ר שירה הראל",אנדוקרינולוגיה ילדים,אנדוקרינולוגיה ילדים,True
אנגל טל,"ד""ר טל אנגל",רפואה פנימית,גסטרואנטרולוגיה,False
מסארוה עביר,"ד""ר עביר מסארוה",יילוד וגינקולוגיה,אולטראסאונד עוברי וגינקולוגי,False
מזרחי יוסף,פרופ' יוסף מזרחי,יילוד וגינקולוגיה,פוריות,False
הראל טל,"ד""ר טל הראל",רפואה לשיכוך כאב,רפואת כאב,False
טל דוד,"ד""ר דוד טל",רפואה פנימית,כירורגיה פלסטית ואסתטית,False
בולוטין גיל,פרופ' גיל בולוטין,כירורגיה של בית החזה,ניתוחי לב,False
קוגן יונתן,"ד""ר יונתן קוגן",רפואה פנימית,קרדיולוגיה,False
טאהא טארק,"ד""ר טארק טאהא",כירורגיה אורולוגית,אורולוגיה,False
פלדמן גיא,"ד""ר גיא פלדמן",כירורגיה אורתופדית,"טראומה אורתופדית, ניתוחי אגן, אורתופדיה כללית",False
דרוקר אהוד,"ד""ר אהוד דרוקר",רפואה דחופה,יתר לחץ דם,False
אשכול אנה,"ד""ר אנה אשכול",דרמטולוגיה-מחלות עור ומין,רפואת עור למבוגרים וילדים,False
צין דן,"ד""ר דן צין",כירורגיה אורתופדית,כירורגיה אורתופדית,True
רדלר יעל,"ד""ר יעל רדלר",מחלות עיניים,נוירואופתלמולוגיה,False
בלנקשטיין אלכסנדר,פרופ' אלכסנדר בלנקשטיין,כירורגיה אורתופדית,אורתופדיה,False
אשדות אמיר,"ד""ר אמיר אשדות",גריאטריה,גריאטריה ופסיכוגריאטריה,True
סולימאן מחמוד,פרופ' מחמוד סולימאן,,הפרעות קצב הלב,False
מסאלחה מוחמד,"ד""ר מוחמד מסאלחה",מחלות א.א.ג. וכירורגיית ראש-צוואר,כירורגיה אורתופדית,False
לוזינסקי אלינה,"ד""ר אלינה לוזינסקי",דרמטולוגיה-מחלות עור ומין,עור ומין,True
ברוידס ארנון,פרופ' ארנון ברוידס,אלרגולוגיה ואימונולוגיה קלינית,אלרגיה ואימונולוגיה,False
סלעית יריב,"ד""ר יריב סלעית",כירורגית כלי דם,כירורגית כלי דם,True
כבהה מהרן,"ד""ר מהרן כבהה",כירורגיה אורולוגית,אנדרולוגיה (אונות ופריון הגבר),False
דראושה אסעד,"ד""ר אסעד דראושה",כירורגיה אורתופדית,כירורגיה אורתופדית,True
טרנר דניאל,"ד""ר דניאל טרנר",יילוד וגינקולוגיה,רפואת נשים,False
יהודה חיים,"ד""ר חיים יהודה",כירורגיה אורתופדית,כירורגיה אורתופדית של היד והמרפק,True
מקרין ודים,"ד""ר ודים מקרין",כירורגיה כללית,כירורגיה כללית,True
לוטן גד,"ד""ר גד לוטן",כירורגית ילדים,כירורגיה פדיאטרית/כירורגיה של הילד,False
חטיב נור,"ד""ר נור חטיב",מחלות עיניים,"רפואת עיניים, אוקולופלסטיקה, דרכי דמעות, ארובת העין",False
גרינשטין אהוד,"ד""ר אהוד גרינשטין",יילוד וגינקולוגיה,"אורוגינקולוגיה, צניחת אברי האגן, כירורגיה גינקולוגית אנדוסקופית, היסטרוסקופיה",False
נווה דניאלה,"ד""ר דניאלה נווה",יילוד וגינקולוגיה,"גינקולוגיה, מיילדות, פריון ורפואת גיל המעבר",False
רייס ארי,"ד""ר ארי רייס",יילוד וגינקולוגיה,גינקולוגיה אונקולוגית,False
ינון יואב,פרופ' יואב ינון,יילוד וגינקולוגיה,מומחה לגינקולוגיה ומיילדות - רפואת האם והעובר,False
קרן שי,"ד""ר שי קרן",מחלות עיניים,מומחה באוקולופלסטיקה,False
בר אסף,"ד""ר אסף בר",מחלות עיניים,רשתית וניתוחי קטרקט,False
רוזנבלט אורגד,"ד""ר אורגד רוזנבלט",יילוד וגינקולוגיה,"יעוץ וטיפול בבעיות בתחום הגניקולוגיה הכללית  והממאירויות הגניקולוגיות (גניקולוגיה אונקולוגית). רופא מומחה ומנתח בתחומים אלו.  ברור ממצאים לא תקינים במשטח PAP  ובדיקת וירוס הפפילומה (כולל קולפוסקופיה) וטיפול בנגעים טרום ממאירים וממאירים של צוואר הרחם.  יעוץ וניהול במקרים של הריונות מולרים ומחלת הטרופובלסט.  יעוץ, מעקב וטיפול מניעתי בנשים בסיכון מוגבר לממאירויות גניקולוגיות (כגון נשאיות BRCA ומצבי סיכון נוספים).   איבחון וברור ממצאים גניקולוגים חריגים (כגון: דימום חריג, מסות אגניות, ממצאי מישוש חריגים)",False
בלקין אבנר,פרופ' אבנר בלקין,מחלות עיניים,מחלת הגלאוקומה וקטרקט,False
ארליך שי,"ד""ר שי ארליך",רפואת ילדים,רפואת ילדים,True
שגב מירב,"ד""ר מירב שגב",גנטיקה רפואית,גינקולוגיה ומיילדות,False
אלקן אורי,"ד""ר אורי אלקן",מחלות א.א.ג. וכירורגיית ראש-צוואר,אף אוזן גרון וראש צוואר,False
סריד דוד,"ד""ר דוד סריד",אונקולוגיה,אורולוגיה אונקולוגית,False
אופיר דרור,"ד""ר דרור אופיר",כירורגיה אורתופדית,כירורגיה אורתופדית,True
רינת ברק,"ד""ר ברק רינת",כירורגיה אורתופדית,אורתופדיית ילדים,False
קדם אלון,פרופ' אלון קדם,יילוד וגינקולוגיה,"רפואת נשים, שימור פיריון",False
מונטאנו דניאלה,"ד""ר דניאלה מונטאנו",גסטרואנטרולוגיה,"גסטרואנטרולוגיה, אנדוסקופיה בריאטרית, אנדוסקופיה פולשנית",True
פורטנוי תומר,"ד""ר תומר פורטנוי",רדיולוגיה אבחנתית,מומחה לרדיולוגית ילדים ורדיולוגיה אבחנתית מבוגרים,True
רביב אשרת,"ד""ר אשרת רביב",יילוד וגינקולוגיה,גינקולוגיה ומיילדות,False
סלאמה פארס,"ד""ר פארס סלאמה",דרמטולוגיה-מחלות עור ומין,"רפואת עור, רפואה אסתטית",False
ניימן ויקטוריה,"ד""ר ויקטוריה ניימן",אונקולוגיה,אונקולוגיה,True
מגון ערן,"ד""ר ערן מגון",,"רפואה אלטרנטיבית, רפואה משלימה, רפואה הוליסטית , תזונה ובריאות, צמחי מרפא, אורחות חיים",False
פרס אלון,פרופ' אלון פרס,רפואה פנימית,המחלות האוטואינפלמטוריות ובמיוחד קדחת ים תיכונית משפחתית,False
הלדנברג איתן,"ד""ר איתן הלדנברג",כירורגיה כללית,כירורגיית כלי דם,False
מנסור אנואר,"ד""ר אנואר מנסור",מחלות א.א.ג. וכירורגיית ראש-צוואר,אף אוזן גרון,False
שרייבר סמדר,"ד""ר סמדר שרייבר",,רפואה אסתטית,False
האוזר רון,פרופ' רון האוזר,יילוד וגינקולוגיה,"מומחה גינקולוגיה ומיילדות, מומחה פריון האישה ומומחה פריון הגבר",False
שי איילת,"ד""ר איילת שי",רפואה פנימית,סרטן השד וגידולים של מערכת המין הנשית,False
קסלמן לאנדרו,"ד""ר לאנדרו קסלמן",יילוד וגינקולוגיה,"גינקולוגיה, מיילדות, אולטרסאונד.",False
אור יובל,"ד""ר יובל אור",יילוד וגינקולוגיה,,False
אריש קארין,"ד""ר קארין אריש",רפואה לשיכוך כאב,מומחית להרדמה ולרפואת כאב,False
פייגין גיא,"ד""ר גיא פייגין",הרדמה,רפואת כאב,False
גולדשטיין אורן,"ד""ר אורן גולדשטיין",רפואת המשפחה,כירורגיה פלסטית ואסתטית,False
שורץ שולמית,"ד""ר שולמית שורץ",מחלות עיניים,"מחלות רשתית , ניתוחי רשתית , ניתוחי קטרקט",False
קשת ליכטנברג שלי,"ד""ר שלי ליכטנברג קשת",נפרולוגיה,נפרולוגיה,True
גוטמן נדב,"ד""ר נדב גוטמן",כירורגיה אורתופדית,אורתופדיית עמוד שדרה,False
לנדוב חגי,"ד""ר חגי לנדוב",דרמטולוגיה-מחלות עור ומין,"רפואת עור, ניתוחי MOHS",False
מלכה אייל,"ד""ר אייל מלכה",,,False
וייסבאך טל,פרופ׳ טל וייסבאך,יילוד וגינקולוגיה,גינקולוגיה ומיילדות,False
שפירא סידני,"ד""ר סידני שפירא",כירורגיה אורתופדית,אורתופדיה,False
לצר טל,"ד""ר טל לצר",יילוד וגינקולוגיה,"מיילדות, גניקולוגיה ופריון",False
פינק כרמל,"ד""ר כרמל פינק",אונקולוגיה,"אונקולוגיה, סרטן ריאות",True
פרי רון,"ד""ר רון פרי",כירורגיה כללית,כירורגיה הפטוביליארית,False
אגוזי דנה,פרופ' דנה אגוזי,כירורגיה פלסטית ואסתטית,כירורגיה פלסטית,True
אופיר דניאל,"ד""ר דניאל אופיר",מחלות עיניים,רפואה אסתטית,False
שחאדה רביע,"ד""ר רביע שחאדה",מחלות אף אוזן וגרון,אף אוזן גרון,False
חבקוק עופר,פרופ' עופר חבקוק,רפואה פנימית,קרדיולוגיה ואי ספיקת לב,False
ייחילביץ נינה,"ד""ר נינה ייחילביץ",גנטיקה רפואית,גנטיקה,True
יפית דניאל,"ד""ר דניאל יפית",מחלות א.א.ג. וכירורגיית ראש-צוואר,א.א.ג ילדים,False
יאיר מיכאל,"ד""ר מיכאל יאיר",גסטרואנטרולוגיה,גסטרואנטרולוגיה,True
נמזוב אחמט,"ד""ר אחמט נמזוב",יילוד וגינקולוגיה,גינקולוגיה ומיילדות,False
טימור עידן,"ד""ר עידן טימור",,אסתטיקה רפואית,False
זילבר משה,"ד""ר משה זילבר",רפואה פנימית,מומחה באנדוקרינולוגיה ובסוכרת,False
אברג'ל אברהם,"ד""ר אברהם אברג'ל",יילוד וגינקולוגיה,כירורגיית אף אוזן גרון וניתוחי ראש צוואר,False
אפשטיין אורנה,"ד""ר אורנה אפשטיין",רפואת ילדים,נוירולוגיה ילדים,False
שפירא יעקב,"ד""ר יעקב שפירא",רפואת ילדים,כירורגיה אורתופדית,False
חורי אסעד,"ד""ר אסעד חורי",קרדיולוגיה ילדים,קרדיולוגיה ילדים,True
מחאמיד עלא,"ד""ר עלא מחאמיד",הרדמה,"שיקום, הפרעות שינה",False
קורדליוק סופיה,"ד""ר סופיה קורדליוק",מחלות א.א.ג. וכירורגיית ראש-צוואר,ניתוחי אף וסינוסים,False
עטאללה מזהר,"ד""ר מזהר עטאללה",מחלות עיניים,רפואת עיניים - מחלות רשתית וזגוגית העין,False
סגל עוז,"ד""ר עוז סגל",דרמטולוגיה-מחלות עור ומין,"רפואת עור ומין, רפואת שיער וקרקפת בתל אביב",False
וולקוב מרינה,"ד""ר מרינה וולקוב",רפואת המשפחה,רופאת שיניים,False
דרורי טלי,"ד""ר טלי דרורי",נוירולוגיה,נוירולוגיה,True
דנון דוד,"ד""ר דוד דנון",יילוד וגינקולוגיה,גינקולוגיה ומיילדות,False
מרום טל,פרופ׳ טל מרום,מחלות א.א.ג. וכירורגיית ראש-צוואר,אף אוזן גרון,False
טולדנו יואל,"ד""ר יואל טולדנו",אנדוקרינולוגיה,אנדוקרינולוגיה,True
ותד וסים,"ד""ר וסים ותד",מחלות א.א.ג. וכירורגיית ראש-צוואר,"כירורגיית האוזן ושיקום השמיעה, סחרחורת וטנטון",False
דראושה פארס,"ד""ר פארס דראושה",מחלות ריאה,מחלות ריאה,True
גבע שחר,"ד""ר שחר גבע",,רפואה אסתטית,False
שור שירה,"ד""ר שירה שור",גסטרואנטרולוגיה,גסטרואנטרולוגיה,True
קוראקין ויקטור,"ד""ר ויקטור קוראקין",כירורגיה כללית,כירורגיה כללית,True
ליבנה ורד,"ד""ר ורד ליבנה",נוירולוגיה,נוירולוגיה,True
ויס אמיר,"ד""ר אמיר ויס",יילוד וגינקולוגיה,פיריון האישה,False
שטפלר פטריק,"ד""ר פטריק שטפלר",רפואת ילדים,פולמונולוג ילדים,False
איתי עמית,"ד""ר עמית איתי",אונקולוגיה מסלול אונקולוגיה רפואית,אונקולוגיה קלינית,False
איצקזון אלק,"ד""ר אלק איצקזון",,טיפול בכאב,False
גרופר אבישי,פרופ' אבישי גרופר,רפואה פנימית,מחלות לב ואי ספיקת לב,False
נייזוב אוקסנה,"ד""ר אוקסנה נייזוב",רפואה פנימית,רפואה אסתטית,False
שוורץ איתי,"ד""ר איתי שוורץ",,רפואה אסתטית,False
קסלמן ענת,"ד""ר ענת קסלמן",רפואה דחופה,רפואה אסתטית,False
מרקל דרורית,"ד""ר דרורית מרקל",רפואה פנימית,המטולוגיה,False
רגב קרן,"ד""ר קרן רגב",נוירולוגיה,נוירולוגיה,True
דלאל אדם,"ד""ר אדם דלאל",דרמטולוגיה-מחלות עור ומין,עור ומין,True
רמר אריק,"ד""ר אריק רמר",מחלות א.א.ג. וכירורגיית ראש-צוואר,רפואת אף אוזן גרון,False
שמואלי ענת,"ד""ר ענת שמואלי",יילוד וגינקולוגיה,מיילדות וגינקולוגיה,False
שפיגל אפרת,"ד""ר אפרת שפיגל",יילוד וגינקולוגיה,מיילדות וגינקולוגיה,False
שני אבי,"ד""ר אבי שני",,אסתטיקה רפואית,False
זהבי אילן,"ד""ר אילן זהבי",רפואת ילדים,גסטרואנטרולוגיה,False
שראל עודד,"ד""ר עודד שראל",,חוות דעת רפואית משפטית,False
וורשבסקי אנטון,"ד""ר אנטון וורשבסקי",מחלות א.א.ג. וכירורגיית ראש-צוואר,אף אוזן גרון,False
סיאם איהאב,"ד""ר איהאב סיאם",דרמטולוגיה-מחלות עור ומין,רפואת עור ואסתטיקה,False
לוריא שולמית,"ד""ר שולמית לוריא",רפואת המשפחה,רפואה פונקציונאלית,False
חמדני גלעד,"ד""ר גלעד חמדני",נפרולוגיה ילדים,נפרולוגיה ילדים,True
אליאן דן,"ד""ר דן אליאן",קרדיולוגיה,קרדיולוגיה,True
מנו רועי,פרופ' רועי מנו,כירורגיה אורולוגית,"כירורגיה אורולוגית, אורולוגיה אונקולוגית",True
כהן לילך,"ד""ר לילך כהן",יילוד וגינקולוגיה,"גינקולוגיה, אולטרסאונד מיילדות וגניקולוגיה",False
בלום יוסף,"ד""ר יוסף בלום",מחלות אף אוזן וגרון,רפואת אף אוזן גרון וראש צוואר,False
שרייבר חנוך,"ד""ר חנוך שרייבר",יילוד וגינקולוגיה,אולטרה סאונד במיילדות וגינקולוגיה,False
בראנסי עאמר,"ד""ר עאמר בראנסי",כירורגיה פלסטית ואסתטית,"כירורגיה פלסטית, אסתטית ומשחזרת",False
וזוז סוזאן,"ד""ר סוזאן וזוז",הרדמה,טיפול בכאב והרדמה,True
נבו עמיחי,"ד""ר עמיחי נבו",כירורגיה אורולוגית,"אורולוגיה,אנדואורולוגיה",False
אידסס קרלוס,"ד""ר קרלוס אידסס",דרמטולוגיה-מחלות עור ומין,רפואת עור ומין,False
שגיא עמית,"ד""ר עמית שגיא",כירורגיה אורתופדית,אורתופדיה,False
בראונר רן,"ד""ר רן בראונר",נוירולוגיה,,False
חזן דוד,פרופ' דוד חזן,כירורגיה כללית,"כירורגיה כללית, לפרוסקופית ורובוטית",True
גיבנבר אוריאל,"ד""ר אוריאל גיבנבר",כירורגיה אורתופדית,אורתופדיה,False
יונס מוחמד,"ד""ר מוחמד יונס",רפואה פנימית,כירורגיה של היד ומיקרוכירורגיה,False
עטר דן,פרופ' דן עטר,כירורגיה אורתופדית,אורתופדיה,False
רורליך מונל,"ד""ר מונל רורליך",רפואה תעסוקתית,רפואה תעסוקתית,True
ארליך ירון,"ד""ר ירון ארליך",כירורגיה אורולוגית,אורולוגיה,False
גולן שי,פרופ' שי גולן,כירורגיה אורולוגית,אורולוגיה אונקולוגית,False
פולק אילה,פרופ' אילה פולק,מחלות עיניים,רפואת עיניים,False
מלמוד ברנרדו,"ד""ר ברנרדו מלמוד",רפואה פנימית,גסטרואנטרולוגיה,False
סקוירסקי סיון,"ד""ר סיון סקוירסקי",יילוד וגינקולוגיה,גינקולוגיה ופריון האישה,False
אהרוני פינחס,"ד""ר פינחס אהרוני",יילוד וגינקולוגיה,גינקולוגיה ומחלות עריה,False
ביאדסה אמין,"ד""ר אמין ביאדסה",מחלות א.א.ג. וכירורגיית ראש-צוואר,אף אוזן גרון,False
גוטמן מרדכי,פרופ' מרדכי גוטמן,כירורגיה כללית,כירורגית שד,False
בטומסקי מוריס,"ד""ר מוריס בטומסקי",כירורגיה כללית,כירורגיה כללית,True
ברוורמן לאוניד,"ד""ר לאוניד ברוורמן",פסיכיאטריה,פסיכיאטריה,True
גבן ויסאם,"ד""ר ויסאם גבן",רפואה פנימית,"גריאטריה,פסיכוגריאטריה",False
קפלן יהונתן,"ד""ר יהונתן קפלן",רפואה פנימית,"רפואת עור, ניתוחי מוז (Mohs) וכירורגיה דרמטולוגית",False
פיינמן ריבה,"ד""ר ריבה פיינמן",רפואה פנימית,המטולוגיה,False
קורד רמזי,"ד""ר רמזי קורד",רפואה פנימית,גריאטריה,False
לוטן איתי,פרופ' איתי לוטן,נוירולוגיה,נוירולוגיה,True
ספקטור סרגיי,פרופ' סרגיי ספקטור,נוירוכירורגיה,"נוירוכירורגיה - ניתוחי ראש, מוח ובסיס גולגולת",True
כהן אייל,"ד""ר אייל כהן",,רפואת עיניים,False
פלדמן אילן,"ד""ר אילן פלדמן",מחלות עיניים,"מומחה בניתוחי עפעפיים, דרכי דמעות וארובה",False
קסיס וליד,"ד""ר וליד קסיס",כירורגיה כללית,כירורגיה לפרוסקופית מתקדמת ובריאטרית (ניתוחי השמנת יתר ),False
וולקוב נטליה,"ד""ר נטליה וולקוב",יילוד וגינקולוגיה,"רפואת נשים ,יילוד וגינקולוגיה",True
ספיר אלי,"ד""ר אלי ספיר",אונקולוגיה  מסלול רדיותרפיה,אונקולוגיה קרינתית (רדיותרפיה),False
שדה בן,"ד""ר בן שדה",רפואה פנימית,קרדיולוגיה,False
אורן אסף,"ד""ר אסף אורן",רפואת ילדים,אנדוקרינולוגיה ילדים,False
פומפ גיל,"ד""ר גיל פומפ",יילוד וגינקולוגיה,מעקב הריון בסיכון,False
שליבקוביץ אסף,"ד""ר אסף שליבקוביץ",,"רפואה אסתטית, אסתטיקת פנים",False
צור תמר,"ד""ר תמר צור",יילוד וגינקולוגיה,רפואת נשים,False
לוי יחזקאל,"ד""ר יחזקאל לוי",מחלות עיניים,ניתוחי קטרקט,False
אוטרמסקי ערן,"ד""ר ערן אוטרמסקי",כירורגיה פלסטית ואסתטית,כירורגיה פלסטית אסתטית ומשחזרת,False
מסארוה מוחמד,"ד""ר מוחמד מסארוה",גסטרואנטרולוגיה,גסטרואנטרולוגיה,True
דומצ'יק סרגיי,"ד""ר סרגיי דומצ'יק",כירורגיה כללית,כירורגיה כללית,True
יאסין עלי,"ד""ר עלי יאסין",כירורגיה אורתופדית,אורתופדיה ברכיים,False
אלפסי הילה,"ד""ר הילה אלפסי",כירורגיה פלסטית ואסתטית,כירורגיה פלסטית,True
שמש גבי,"ד""ר גבי שמש",מחלות עיניים,רפואת עיניים,False
מאיר טליה,"ד""ר טליה מאיר",דרמטולוגיה-מחלות עור ומין,רפואת עור ורפואה אסתטית,False
ריבו לריסה,"ד""ר לריסה ריבו",אונקולוגיה מסלול אונקולוגיה רפואית,סרטן השד,False
גולן רון,"ד""ר רון גולן",,רפואת שיניים,False
בוקשטיין פליקס,"ד""ר פליקס בוקשטיין",נוירולוגיה,"נוירולוגיה, נוירו-אונקולוגיה",True
סמור רמי,"ד""ר רמי סמור",יילוד וגינקולוגיה,רפואת נשים,False
זילברברג ערן,"ד""ר ערן זילברברג",יילוד וגינקולוגיה,פוריות וטיפולי פריון,False
יעקובי אלונה,"ד""ר אלונה יעקובי",מחלות עיניים,רפואת עיניים - אוקולופלסטיקה,False
לנדאו גבע,"ד""ר גבע לנדאו",כירורגיה פלסטית ואסתטית,כירורגיה פלסטית,True
טודור אדריאן,"ד""ר אדריאן טודור",כירורגיה אורתופדית,"אורתופדיה, אורתופדית ילדים",False
בסאילוב אולגה,"ד""ר אולגה בסאילוב",,רופאה כללית,False
גרינברג רומן,"ד""ר רומן גרינברג",,אורולוגיה,False
סיבוני גונן,"ד""ר גונן סיבוני",,רפואה אסתטית ואסתטית פנים,False
בן-גל אופיר,"ד""ר אופיר בן-גל",כירורגיה אורתופדית,"כירורגיה אורתופדית ואורתופדיה אונקולוגית, אורתופדיה כללית",True
רוזנטל רון,"ד""ר רון רוזנטל",כירורגיה אורתופדית,אורתופדית ספורט ופציעות ברך,False
טליסמן רן,"ד""ר רן טליסמן",כירורגיה פלסטית ואסתטית,כירורגיה פלסטית,True
אלון גדי,"ד""ר גדי אלון",פסיכיאטריה,פסיכיאטריה,True
פריאל אילת,"ד""ר אילת פריאל",מחלות עיניים,אוקולופלסטיקה,False
חובל דוד,"ד""ר דוד חובל",רפואה פנימית,גסטרואנטרולוגיה,False
דקלו שניר,"ד""ר שניר דקלו",כירורגיה אורולוגית,אורולוגיה ואנדרולוגיה,False
לוי עידן,"ד""ר עידן לוי",גסטרואנטרולוגיה,גסטרואנטרולוגיה,True
גל אורן,"ד""ר אורן גל",רפואה פנימית,גסטרואנטרולוגיה,False
פלדברין זאב,"ד""ר זאב פלדברין",כירורגיה אורתופדית,אורתופדיה,False
עצמון רן,"ד""ר רן עצמון",כירורגיה אורתופדית,"מנתח ירכיים, ברכיים, פציעות ספורט, ארתרוסקופיה וניתוחים משמרי מפרק",False
דקל יורם,"ד""ר יורם דקל",כירורגיה אורולוגית,כירורגיה אורולוגית,True
שגב לי,"ד""ר לי שגב",יילוד וגינקולוגיה,רפואת נשים,False
בונדרנקו מרינה,"ד""ר מרינה בונדרנקו",רפואה פנימית,מחלות ריאה,False
תם גיא,"ד""ר גיא תם",מחלות עיניים,עיניים- נוירואופתלמולוגיה,False
ספקוטי יהודה,"ד""ר יהודה ספקוטי",נוירולוגיה,אפילפסיה,False
סעדיה שאדי,"ד""ר שאדי סעדיה",כירורגיה אורתופדית,רפואת ספורט אורתופדית,False
פרצ'יק רות,"ד""ר רות פרצ'יק",אנדוקרינולוגיה,אנדוקרינולוגיה,True
רוטנברג יקיר,פרופ' יקיר רוטנברג,אונקולוגיה מסלול אונקולוגיה רפואית,אונקולוגיה ואונקוגריאטריה,False
גונן ליאור,"ד""ר ליאור גונן",נוירוכירורגיה,נוירוכירורגיה,True
מורד יאיר,פרופ' יאיר מורד,מחלות עיניים,רפואת עיניים בילדים,False
יניקייב דמיטרי,פרופ' דמיטרי יניקייב,כירורגיה אורולוגית,כירורגיה אונקו-אורולוגית,False
אליאס שהם,"ד""ר שהם אליאס",כירורגיה אורתופדית,ניתוחי ברך ורפואת ספורט,False
אלגרט קטיה,"ד""ר קטיה אלגרט",מחלות א.א.ג. וכירורגיית ראש-צוואר,אף אוזן גרון ומחלות ראש צוואר בילדים ומבוגרים,False
זידאן מחמוד,"ד""ר מחמוד זידאן",כירורגיה פלסטית ואסתטית,כירורגיה פלסטית ואסתטית,True
שפירא ינון,"ד""ר ינון שפירא",מחלות עיניים,"אוקולופלסטיקה, דרכי דמעות, וארובת העין",False
אמסלם חגי,"ד""ר חגי אמסלם",יילוד וגינקולוגיה,רפואת נשים,False
אסדי אחמד,"ד""ר אחמד אסדי",,"כירורגיה לפרוסקופית מתקדמת וכללית , כירורגיה בריאטרית",False
בכר רז,"ד""ר רז בכר",יילוד וגינקולוגיה,אולטרסאונד מיילדותי וגינקולוגי,False
דר נינה,"ד""ר נינה דר",פסיכיאטריה,פסיכיאטריה כללית של המבוגר,True
סטרול עידן,"ד""ר עידן סטרול",,אסתטיקה רפואית,False
זיסמן אריאל,"ד""ר אריאל זיסמן",כירורגיה אורולוגית,אורולוגיה,False
שמואלי יוסף,"ד""ר יוסף שמואלי",כירורגיה אורולוגית,כירורגיה אורולוגית,True
חוסיין ענאן,"ד""ר ענאן חוסיין",כירורגיה אורולוגית,אנדרולוגיה (פריון הגבר ותפקוד מיני),False
ביטון יצחק,פרופ' יצחק ביטון,רפואה פנימית,הפרעות קצב,False
ביאר איתי,"ד""ר איתי ביאר",,רפואה אסתטית ושיקום שיער,False
מטלון שי,"ד""ר שי מטלון",גסטרואנטרולוגיה,גסטרואנטרולוגיה,True
מיכלסון מיכאל,"ד""ר מיכאל מיכלסון",רפואה תעסוקתית,רפואה תעסוקתית,True
לנדאו יאיר,"ד""ר יאיר לנדאו",כירורגיה אורתופדית,"כירורגיה אורתופדית, כירורגיה של היד והמרפק ומיקרוכירורגיה",True
אוסטרובסקי דמיטרי,"ד""ר דמיטרי אוסטרובסקי",מחלות אף אוזן וגרון,רינולוגיה (אף וסינוסים),False
לוי נסים,"ד""ר נסים לוי",רפואת ילדים,רפואת שיניים,False
שמעון אילן,פרופ' אילן שמעון,רפואה פנימית,אנדוקרינולוגיה,False
גרוס גל,"ד""ר גל גרוס",רפואה דחופה,"רפואה אסתטית, טיפולי שיער, אסתטיקת פנים וגוף בסביון",False
פורים עופר,"ד""ר עופר פורים",אונקולוגיה,אונקולוגיה,True
גרינברג דן,"ד""ר דן גרינברג",כירורגיה אורתופדית,אורתופדיה כירורגית,False
בדראן בדראן,"ד""ר בדראן בדראן",כירורגיה כללית,כירורגיה כללית,True
גלילי ערן,"ד""ר ערן גלילי",דרמטולוגיה-מחלות עור ומין,רפואת עור,False
ספדי אחמד,"ד""ר אחמד ספדי",מחלות א.א.ג. וכירורגיית ראש-צוואר,"אא""ג וניתוחי ראש צוואר",False
משיעל ואסים,"ד""ר ואסים משיעל",כירורגיה אורתופדית,כירורגיה אורתופדית,True
גנסין אהוד,"ד""ר אהוד גנסין",כירורגיה אורולוגית,כירורגיה אורולוגית,True
אסא עמית,פרופ' עמית אסא,מנהל רפואי,גסטרואנטרולוגיה ילדים,False
קליין חגי,"ד""ר חגי קליין",כירורגיה אורתופדית,כירורגיה של הכתף,False
עבוד עלאא,"ד""ר עלאא עבוד",כירורגיה אורתופדית,כירורגיה אורתופדית,True
ארבל רון,"ד""ר רון ארבל",כירורגיה אורתופדית,,False
מנסא אליאס,"ד""ר אליאס מנסא",כירורגיה כללית,כירורגיה כללית,True
מוצ'לוב גלב,"ד""ר גלב מוצ'לוב",,כירורגיה אורתופדית,False
כהן שלמה,"ד""ר שלמה כהן",,כירופרקטיקה,False
גור רות,"ד""ר רות גור",רפואה לשיכוך כאב,מרפאת כאב ונוירוכירורגיה,False
חגין דוד,"ד""ר דוד חגין",אלרגולוגיה ואימונולוגיה קלינית,אלרגיה ואימונולוגיה קלינית,False
גוטמן גיא,"ד""ר גיא גוטמן",יילוד וגינקולוגיה,"פריון, מיילדות וגניקולוגיה",False
פולונסקי אריאל,"ד""ר אריאל פולונסקי",יילוד וגינקולוגיה,גינקולוגיה אונקולוגית וכירורגיה גינקולוגית,False
זרייק עאמר,"ד""ר עאמר זרייק",יילוד וגינקולוגיה,גינקולוגיה ומיילדות,False
סיידה סעד,"ד""ר סעד סיידה",כירורגיה כללית,כירורגיה כללית,True
לובנסקי קלאודיה,"ד""ר קלאודיה לובנסקי",,רפואה אסתטית,False
גוטמן חיים,פרופ' חיים גוטמן,כירורגיה כללית,כירורגיה כללית,True
דאמוני אמיל,"ד""ר אמיל דאמוני",כירורגיה כללית,"כירורגיה כללית, כירורגיה רובוטית, פרוקטולוגיה",True
למיקין קונסטנטין,"ד""ר קונסטנטין למיקין",כירורגיה אורתופדית,אורתופדיה,False
אייזנר מיכל,"ד""ר מיכל אייזנר",יילוד וגינקולוגיה,גינקולוגיה כללית,False
ברמן שי,"ד""ר שי ברמן",יילוד וגינקולוגיה,רפואת נשים ומיילדות,False
מלצר יעקב,פרופ' יעקב מלצר,יילוד וגינקולוגיה,גינקולוגיה ומיילדות,False
לוי אלמוג,"ד""ר אלמוג לוי",כירורגיה אורתופדית,כירורגיה אורתופדית,True
יניר יואב,"ד""ר יואב יניר",מחלות א.א.ג. וכירורגיית ראש-צוואר,"אא""ג",False
ליפשיץ טובה,פרופ' טובה ליפשיץ,מחלות עיניים,רפואת עיניים,False
קנט אילן,"ד""ר אילן קנט",כירורגיה כללית,כירורגיה קולורקטלית,False
רוסו רפאל,פרופ' רפאל רוסו,קרדיולוגיה,קרדיולוגיה,True
ח'אטר אשרף,"ד""ר אשרף ח'אטר",מחלות א.א.ג. וכירורגיית ראש-צוואר,אף אוזן וגרון וניתוחי ראש צוואר וניתוחי אף וסינוסים,False
אלמוג מיטל,"ד""ר מיטל אלמוג",אלרגולוגיה ואימונולוגיה קלינית,אימונולוגיה/אלרגולוגיה,False
פרקש אורי,"ד""ר אורי פרקש",כירורגיה אורתופדית,כירורגיה של היד,False
מרקוביץ ערן,"ד""ר ערן מרקוביץ",מחלות עיניים,רפואת עיניים,False
שינדל דורון,"ד""ר דורון שינדל",מחלות אף אוזן וגרון,אף-אוזן-גרון,False
צוקר מוטי,"ד""ר מוטי צוקר",כירורגיה אורתופדית,"מומחה בניתוחי אורתופדיה, ניתוחי עמוד שדרה",False
ווהבי ווהבי,"ד""ר ווהבי ווהבי",מחלות עיניים,רפואת עיניים,False
פרץ גיל,"ד""ר גיל פרץ",מחלות עיניים,רפואת עיניים,False
שפיגל אתי,"ד""ר אתי שפיגל",יילוד וגינקולוגיה,נשים ומיילדות,False
צחורי שרון,"ד""ר שרון צחורי",רפואת ילדים,הפרעות קשב וריכוז,False
חן צבי,"ד""ר צבי חן",מחלות א.א.ג. וכירורגיית ראש-צוואר,"מומחה אף, אוזן וגרון",False
זמל מאיר,"ד""ר מאיר זמל",כירורגיה כללית,"כירורגיה כללית, קולורקטלית ופרוקטולוגית",True
בהגון חיה,"ד""ר חיה בהגון",פסיכיאטריה,פסיכיאטריה,True
גרובר יובל,"ד""ר יובל גרובר",נוירוכירורגיה,נוירוכירורגיה,True
פעילן יובל,"ד""ר יובל פעילן",כירורגיה אורתופדית,אורתופדיית כתף ומרפק,False
עמאשה כאמל,"ד""ר כאמל עמאשה",גריאטריה,גריאטריה,True
עזאם סובחי,"ד""ר סובחי עזאם",גריאטריה,גריאטריה,True
זלוטניק יאיר,"ד""ר יאיר זלוטניק",נוירולוגיה,נוירולוגיה,True
הרר דרור,"ד""ר דרור הרר",,אסתטיקה רפואית,False
רפאל ארי,"ד""ר ארי רפאל",אונקולוגיה מסלול אונקולוגיה רפואית,"גידולי בית חזה, סרטן ריאות ומחקרים קליניים",False
גרימברג אודי,"ד""ר אודי גרימברג",כירורגיה אורתופדית,אורתופדיה,False
מטאנס עמאד,"ד""ר עמאד מטאנס",יילוד וגינקולוגיה,גינקו-אונקולוגיה,False
נעאמנה מוסטפא,"ד""ר מוסטפא נעאמנה",כירורגיה אורתופדית,אורתופדיית כף היד,False
דוד שושנה,"ד""ר שושנה דוד",רפואת המשפחה,גריאטריה,False
וולוביץ בנימין,פרופ' בנימין וולוביץ,מחלות ריאה ילדים,רפואת ריאות ילדים,False
כהן עדן,"ד""ר עדן כהן",,רפואת שיניים למבוגרים וילדים,False
גולדשטיין לילך,"ד""ר לילך גולדשטיין",נוירולוגיה,נוירולוגיה,True
אקדם אמיר,"ד""ר אמיר אקדם",יילוד וגינקולוגיה,היסטרוסקופיה צוואר הרחם ורפואת נשים,False
פלייסיג אפרת,"ד""ר אפרת פלייסיג",מחלות עיניים,מחלות רשתית,False
מוסקוויסי סמואל,"ד""ר סמואל מוסקוויסי",נוירוכירורגיה,נוירוכירורגיה,True
מקייטן מתן,"ד""ר מתן מקייטן",כירורגיה אורולוגית,אורולוגיה,False
פרולוב אולסיה,"ד""ר אולסיה פרולוב",רפואת ילדים,הפרעות קשב וריכוז,False
אלמוס מיכל,"ד""ר מיכל אלמוס",,כירורגיה פה פנים ולסתות,False
גור אביב,"ד""ר אביב גור",נוירולוגיה,נוירולוגיה,True
גנטוס מרואן,"ד""ר מרואן גנטוס",כירורגיה אורתופדית,אורתופדיה ברכיים,False
דרוין עמית,"ד""ר עמית דרוין",רפואה פנימית,ראומטולוגיה,False
רוזנטל אביה,"ד""ר אביה רוזנטל",יילוד וגינקולוגיה,"רפואת נשים, מיילדות ופריון",False
הלפרין רעות,"ד""ר רעות הלפרין",אנדוקרינולוגיה,אנדוקרינולוגיה וסוכרת,True
גיא ליאורה,"ד""ר ליאורה גיא",יילוד וגינקולוגיה,מחלות עריה ולדן,False
שפרן תמר,"ד""ר תמר שפרן",מחלות עיניים,רפואת עיניים ילדים ופזילה,False
גרה סוהיל,"ד""ר סוהיל גרה",מחלות א.א.ג. וכירורגיית ראש-צוואר,רפואת אף אוזן גרון וניתוחי ראש צוואר,False
דרקסלר מיכאל,פרופ' מיכאל דרקסלר,כירורגיה אורתופדית,החלפות מפרקים בעזרת רובוט,False
גלילי רונן,"ד""ר רונן גלילי",כירורגית חזה ולב,כירורגיה של בית החזה,False
אליאס מרואן,"ד""ר מרואן אליאס",כירורגיה כללית,כירורגיה כללית וכירורגית ילדים,True
ירמייב מיכאל,"ד""ר מיכאל ירמייב",פסיכיאטריה,"פסיכיאטריה, פסיכותרפיה",True
סילבר נתן,"ד""ר נתן סילבר",כירורגיה של היד,"כירורגית כף יד, החלפת מפרקים של כף היד ושורש היד",False
סעאדה סעיד,"ד""ר סעיד סעאדה",הרדמה,רפואת כאב,False
יאסין סעיד,"ד""ר סעיד יאסין",,נוירוכירורגיה,False
נסאר מריה,"ד""ר מריה נסאר",נוירולוגיה,נוירולוגיה,True
פואז עבדאללה,"ד""ר עבדאללה פואז",רפואה פנימית,ראומטולוגיה,False
רתם עפר,"ד""ר עפר רתם",אונקולוגיה מסלול אונקולוגיה רפואית,אונקולוגיה,True
ח'ורי רים,"ד""ר רים ח'ורי",כירורגיה כללית,כירורגית שד,False
ליברמן בועז,"ד""ר בועז ליברמן",כירורגיה אורתופדית,"אורתופדיה אונקולוגית, החלפות מפרקים מורכבות וחוזרות",False
הלוי חן,פרופ' חן הלוי,נוירולוגיה,שבץ,False
רסנר גיא,"ד""ר גיא רסנר",כירורגיה פלסטית ואסתטית,כירורגיה פלסטית ואסתטית,True
שפירא יונתן,"ד""ר יונתן שפירא",רפואה פנימית,רפואת עור ומין,False
דהן טל,"ד""ר טל דהן",,רפואה אסתטית,False
וסרצוג אושרי,"ד""ר אושרי וסרצוג",מחלות א.א.ג. וכירורגיית ראש-צוואר,רפואת אף אוזן גרון בילדים ובמבוגרים,False
קולפ שני,"ד""ר שני קולפ",יילוד וגינקולוגיה,גינקולוגיה ומיילדות,False
מסארוה רנין,"ד""ר רנין מסארוה",פסיכיאטריה של הילד והמתבגר,פסיכיאטריה,True
ברנר סבטלנה,"ד""ר סבטלנה ברנר",רפואה פנימית,קרדיולוגיה,False
כליפה מוחמד,"ד""ר מוחמד כליפה",כירורגיה כללית,כירורגיה קולורקטלית ופרוקטולוגית,False
קניגשטיין מעין,פרופ' מעין קניגשטיין,קרדיולוגיה,קרדיולוגיה,True
גורביץ מקסים,"ד""ר מקסים גורביץ",כירורגיה אורתופדית,טיפול בכף רגל סוכרתית ופצעים קשיי ריפוי,False
וול אנטון,"ד""ר אנטון וול",נוירוכירורגיה,"נוירו-אונקולוגיה, רדיוכירורגיה סטריוטקטית, טיפול בגידולי מוח שפירים וממאירים",False
שוחט שירלי,"ד""ר שירלי שוחט",כירורגיה פלסטית ואסתטית,כירורגיה פלסטית,True
שהואן אחמד,"ד""ר אחמד שהואן",כירורגיה אורתופדית,אורתופדיית גב ועמוד השדרה,False
צ'וטקו בוריס,"ד""ר בוריס צ'וטקו",רפואה פנימית,קרדיולוגיה,False
עבאסי ענאן,"ד""ר ענאן עבאסי",מנהל רפואי,רפואת עיניים,False
שוורצמן פולינה,"ד""ר פולינה שוורצמן",יילוד וגינקולוגיה,גינקולוגיה ומיילדות,False
זיגמונד אהוד,"ד""ר אהוד זיגמונד",גסטרואנטרולוגיה,מחלות כבד,False
מג'דוב מוחמד,"ד""ר מוחמד מג'דוב",כירורגיה אורולוגית,אורולוגיה,False
מסארוה סעיד,"ד""ר סעיד מסארוה",כירורגיה פלסטית ואסתטית,כירורגיה פלסטית ואסתטית,True
ליוס אילי,"ד""ר אילי ליוס",מחלות א.א.ג. וכירורגיית ראש-צוואר,"אף אוזן גרון, ניתוחי ראש וצוואר, לרינגולוגיה",False
גנדלמן ארקדי,"ד""ר ארקדי גנדלמן",פסיכיאטריה,פסיכיאטריה,True
מעודה-חבקוק מיכל,"ד""ר מיכל מעודה-חבקוק",רדיולוגיה אבחנתית,רדיולוגיה פולשנית,False
ברנפלד בנימין,"ד""ר בנימין ברנפלד",כירורגיה אורתופדית,"החלפות מפרקי ברך וירך, רפואת ספורט וארתרוסקופיות",False
קוטלר דניאל,"ד""ר דניאל קוטלר",פסיכיאטריה,ניתוחי קטרקט וגלאוקומה,False
מנשה שקד,"ד""ר שקד מנשה",כירורגיה פלסטית ואסתטית,כירורגיה פלסטית,True
גרין תמר,"ד""ר תמר גרין",פסיכיאטריה של הילד והמתבגר,"מעקב הריון, סקירת מערכות (מוקדמת, מאוחרת, שלישית), גינקולוגיה כללית",False
טוביאס טל,"ד""ר טל טוביאס",כירורגיה פלסטית ואסתטית,"כירורגיה פלסטית, אסתטית ומשחזרת",False
ליכטנשטיין עדי,"ד""ר עדי ליכטנשטיין",כירורגיה אורתופדית,כירורגיה אורתופדית,True
רוזנפלד אלדר,"ד""ר אלדר רוזנפלד",מחלות עיניים,קטרקט,False
קדם הויזמן מורן,"ד""ר מורן הויזמן קדם",רפואת ילדים,נוירולוגיה ילדים והתפתחות הילד,False
סעידיאן דניאל,"ד""ר דניאל סעידיאן",כירורגיה אורולוגית,אורולוגיה כללית ואורולוגיה אונקולוגית,False
ליבנה אופיר,"ד""ר אופיר ליבנה",פסיכיאטריה,פסיכיאטריה,True
דיקופולצב אלנה,"ד""ר אלנה דיקופולצב",יילוד וגינקולוגיה,גניקולוגיה ומיילדות,False
נזאל סאלח,"ד""ר סאלח נזאל",רפואה פנימית,רפואת ריאות והפרעות שינה,False
טל אלון,"ד""ר אלון טל",יילוד וגינקולוגיה,גינקולוגיה אונקולוגית,False
רואש ונסה,"ד""ר ונסה רואש",אנדוקרינולוגיה,אנדוקרינולוגיה,True
מנסור רבחי,"ד""ר רבחי מנסור",ראומטולוגיה,ראומטולוגיה,True
רוזנטל אייל,"ד""ר אייל רוזנטל",כירורגית כלי דם,כירורגית כלי דם,True
גנות גיל,"ד""ר גיל גנות",כירורגיה של היד,כירורגיה של כף היד,False
רוט עומר,"ד""ר עומר רוט",,רפואת עיניים ואסתטיקה רפואית,False
גלאי תות,"ד""ר תות גלאי",גאסטרואנטרולוגיה ילדים,גסטרואנטרולוגיה והפרעות אכילה בילדים,False
סמואל אורית,"ד""ר אורית סמואל",מחלות א.א.ג. וכירורגיית ראש-צוואר,רפואת אף אוזן גרון וניתוחי ראש וצוואר,False
אפשטיין יוליה,"ד""ר יוליה אפשטיין",רפואה פנימית,גסטרואנטרולוגיה,False
בלייכר אינה,"ד""ר אינה בלייכר",יילוד וגינקולוגיה,"רפואת נשים, הריון, הריון בסיכון גבוה",False
רחקוביץ' מיכאל,"ד""ר מיכאל רחקוביץ'",קרדיולוגיה,"קרדיולוגיה, הפרעות קצב",True
סלימאן חוסין,"ד""ר חוסין סלימאן",קרדיולוגיה,קרדיולוגיה פולשנית וצנתורים,True
פרומר מיכאל,"ד""ר מיכאל פרומר",כירורגיה אורולוגית,ברית מילה,False
מוסנקיס ארי,"ד""ר ארי מוסנקיס",רפואה פנימית,נפרולוגיה ויתר לחץ דם,False
זיסמן עידן,"ד""ר עידן זיסמן",יילוד וגינקולוגיה,גינקולוגיה ומיילדות,False
שמר-מאירי לילך,"ד""ר לילך שמר-מאירי",נוירולוגית ילדים והתפתחות הילד,נוירולוגית ילדים והתפתחות הילד,True
כלדאוי אניס,"ד""ר אניס כלדאוי",יילוד וגינקולוגיה,כירורגיה גינקולוגית זעיר פולשנית מתקדמת,False
אלון ערן,"ד""ר ערן אלון",רפואת המשפחה,טיפול בכאב,False
ליאור אורלי,"ד""ר אורלי ליאור",גסטרואנטרולוגיה,גסטרואנטרולוגיה,True
וולפרט אלדר,"ד""ר אלדר וולפרט",יילוד וגינקולוגיה,גינקולוגיה ומיילדות,False
עמית אור,"ד""ר אור עמית",פסיכיאטריה,פסיכיאטריה מבוגרים,True
ליפשיץ דוד,פרופ' דוד ליפשיץ,כירורגיה אורולוגית,אורלוגיה זעיר פולשנית,False
בולוס סרי,"ד""ר סרי בולוס",יילוד וגינקולוגיה,גינקולוגיה ומיילדות,False
סלימאן עלי,"ד""ר עלי סלימאן",כירורגיה אורתופדית,אורתופדיית עמוד השדרה,False
קריידרמן גרמן,"ד""ר גרמן קריידרמן",כירורגיה אורולוגית,,False
רפפורט דניאל,"ד""ר דניאל רפפורט",מחלות עיניים,"רפואת עיניים, נוירואופתלמולוגיה",False
שפר יונתן,"ד""ר יונתן שפר",פסיכיאטריה,פסיכיאטריה,True
פרייס דריו,פרופ' דריו פרייס,רפואת ילדים,מחלות ריאה בילדים,False
זורזטי לוצ'ילה,"ד""ר לוצ'ילה זורזטי",יילוד וגינקולוגיה,"רפואת נשים, הריון בסיכון גבוה",False
עזאיזה מוחמד,"ד""ר מוחמד עזאיזה",רפואה פנימית,רפואת ריאות,False
מוחתסב סאמר,"ד""ר סאמר מוחתסב",גריאטריה,"גריאטריה, פסיכוגריאטריה",True
קאלי ליזה,"ד""ר ליזה קאלי",ראומטולוגיה,ראומטולוגיה,True
קלדרון נדב,"ד""ר נדב קלדרון",נוירולוגיה,,False
דותן עמית,"ד""ר עמית דותן",כירורגיה אורתופדית,אורתופדיית כף רגל וקרסול,False
בנדט אחיהוד,"ד""ר אחיהוד בנדט",רדיולוגיה אבחנתית,רדיולוגיה פולשנית ואונקולוגיה פולשנית,False
כהן עינב,"ד""ר עינב כהן",רדיולוגיה אבחנתית,רדיולוגיה פולשנית,False
דאהוד מוחמד,"ד""ר מוחמד דאהוד",,רפואה פנימית,False
למברג אלכסנדר,"ד""ר אלכסנדר למברג",פסיכיאטריה,פסיכיאטריה,True
פוליאקובה אנה,"ד""ר אנה פוליאקובה",,,False
כץ אלדד,"ד""ר אלדד כץ",רפואה לשיכוך כאב,"רפואת כאב, כירורגיה אורתופדית",False
פיי-כרמון צביה,"ד""ר צביה פיי-כרמון",נוירולוגיה,נוירולוגיה,True
סודרסקי דורון,"ד""ר דורון סודרסקי",רפואה פנימית,קרדיולוגיה פולשנית,False
נסאר וסים,"ד""ר וסים נסאר",מחלות א.א.ג. וכירורגיית ראש-צוואר,"מומחה אא""ג מטפל במבוגרים וילדים",False
וינברג תמיר,"ד""ר תמיר וינברג",מחלות עיניים,"ניתוחי קטרקט, ניתוחי רשתית",False
דורפמן לב,"ד""ר לב דורפמן",רפואת ילדים,גסטרואנטרולוגיה ילדים,False
לביא איתי,"ד""ר איתי לביא",מחלות עיניים,ניתוחי קטרקט בלייזר,False
רודמן וסבולוד,"ד""ר וסבולוד רודמן",גריאטריה,גריאטריה,True
פיירשטיין נוה,"ד""ר נוה פיירשטיין",גסטרואנטרולוגיה,גסטרואנטרולוגיה,True
צ'יובוטרו דן,"ד""ר דן צ'יובוטרו",כירורגיה אורתופדית,אורתופדיה עמוד שדרה,False
ציוני תמי,"ד""ר תמי ציוני",כירורגיה כללית,כירורגית שד,False
יעקבי אלירן,"ד""ר אלירן יעקבי",,רפואה אסתטית,False
רוטר מורמן,"ד""ר מורמן רוטר",רפואה תעסוקתית,רפואה תעסוקתית,True
חסן סאמר,"ד""ר סאמר חסן",כירורגיה פלסטית ואסתטית,"כירורגיה פלסטית, רפואה אסתטית",False
נבו נדב,"ד""ר נדב נבו",כירורגיה כללית,כירורגיה כללית,True
גולדברג נטליה,"ד""ר נטליה גולדברג",רדיולוגיה אבחנתית,רדיולוגיה,True
קיס חסן,"ד""ר חסן קיס",כירורגיה כללית,כירורגיה לפרוסקופית,False
מחאג'נה חוסיין,"ד""ר חוסיין מחאג'נה",רפואה פנימית,"גסטרואנטרולוגיה, מחלות מעי דלקתיות",False
סלימאן מוחמד,"ד""ר מוחמד סלימאן",גריאטריה,גריאטריה,True
בייטלמן יאנה,"ד""ר יאנה בייטלמן",פסיכיאטריה,פסיכיאטריה של מבוגר,True
שטיינברג נתנאל,"ד""ר נתנאל שטיינברג",כירורגיה אורתופדית,כירורגיה אורתופדית,True
סולימני עמרי,"ד""ר עמרי סולימני",כירורגיה כללית,"כירורגיה כללית, ניתוחי כבד, לבלב, דרכי מרה",True
עומר נורית,"ד""ר נורית עומר",נוירולוגיה,נוירולוגיה,True
לבנשטיין רוני,"ד""ר רוני לבנשטיין",נוירולוגיה,נוירולוגיה,True
ויזל אפרת,"ד""ר אפרת ויזל",גריאטריה,"גריאטריה, פסיכוגריאטריה",True
אדומי רביע,"ד""ר רביע אדומי",גריאטריה,גריאטריה,True
תומר אור,"ד""ר אור תומר",רפואה פנימית,קרדיולוגיה,False
גנדלר שי,"ד""ר שי גנדלר",מחלות עיניים,רפואת עיניים,False
סלמאן סעיד,"ד""ר סעיד סלמאן",אונקולוגיה  מסלול רדיותרפיה,אונקולוגיה,True
פרץ רות,"ד""ר רות פרץ",אונקולוגיה מסלול אונקולוגיה רפואית,אונקולוגיה,True
חסן יזיד,"ד""ר יזיד חסן",,אסתטיקת פנים,False
סילברברג דניאל,פרופ' דניאל סילברברג,כירורגית כלי דם,כירורגיית כלי דם,False
גרביץ אביעד,"ד""ר אביעד גרביץ",כירורגיה כללית,השתלות איברים,False
כהן אושר,"ד""ר אושר כהן",כירורגיה כללית,כירורגיית ילדים,False
צימליכמן ראובן,פרופ' ראובן צימליכמן,רפואה פנימית,יתר לחץ דם רפואה פנימית,True
דמיחובסקיה אנסטסיה,"ד""ר אנסטסיה דמיחובסקיה",פסיכיאטריה,"פסיכיאטריה, פסיכוגריאטריה, פסיכיאטריה של הזיקנה",True
גוטצייט אולה,"ד""ר אולה גוטצייט",יילוד וגינקולוגיה,פריון האישה והגבר,False
יעקובי-ביאנו קרין,"ד""ר קרין יעקובי-ביאנו",מחלות ריאה ילדים,מחלות ריאה בילדים,False
דמתי עמית,"ד""ר עמית דמתי",יילוד וגינקולוגיה,גינקולוגיה ומיילדות,False
יעיש איריס,"ד""ר איריס יעיש",אנדוקרינולוגיה,אנדוקרינולוגיה,True
צ'רניאק אולגה,"ד""ר אולגה צ'רניאק",,טיפולי שורש,False
ברקאי גל,"ד""ר גל ברקאי",כירורגיה אורתופדית,"עמוד שדרה, אורתופדיה",False
יגל איתי,"ד""ר איתי יגל",יילוד וגינקולוגיה,גינקו-אונקולוגיה,False
שי דניאל,"ד""ר דניאל שי",יילוד וגינקולוגיה,גינקואונקולוגיה,False
זייד מג'ד,"ד""ר מג'ד זייד",נוירולוגיה,נוירולוגיה,True
מולא מוניר,"ד""ר מוניר מולא",רפואת המשפחה,אסתטיקה רפואית,False
טור אלון,"ד""ר אלון טור",רפואת המשפחה,רפואת משפחה,False
רסקין בנימין,"ד""ר בנימין רסקין",כירורגיה כללית,כירורגיה כללית,True
עסאף מיכאל,"ד""ר מיכאל עסאף",כירורגיה אורתופדית,אורתופדיה ילדים,False
שנדלר גנדי,"ד""ר גנדי שנדלר",רדיולוגיה אבחנתית,רדיולוגיה אבחנתית,True
אלטמן תהל,"ד""ר תהל אלטמן",רפואה פנימית,אסתטיקה רפואית,False
פסטרנק יעל,"ד""ר יעל פסטרנק",יילוד וגינקולוגיה,גינקולוגיה ומיילדות,False
בטש רון,"ד""ר רון בטש",כירורגיה אורתופדית,מומחה לסרקומות ואורתופדיה אונקולוגית,False
רובצ'בסקי ויקטור,"ד""ר ויקטור רובצ'בסקי",כירורגיה של בית החזה,ניתוחי לב,False
אביב אריאל,"ד""ר אריאל אביב",המטולוגיה,המטולוגיה,True
רוטנשטרייך עמיחי,פרופ׳ עמיחי רוטנשטרייך,יילוד וגינקולוגיה,הריון בסיכון גבוה,False
סוקולוב רוסלן,"ד""ר רוסלן סוקולוב",כירורגיה אורתופדית,אורתופדיה כף רגל וקרסול,False
קורן תמר,"ד""ר תמר קורן",מיקרוביולוגיה קלינית,רפואת עור ומין,False
קויפמן בלה,"ד""ר בלה קויפמן",קרדיולוגיה,"קרדיולוגיה, מחלות לב",True
שכטמן יונית,"ד""ר יונית שכטמן",יילוד וגינקולוגיה,גינקולוגיה ומיילדות,False
זסלבסקי קריסטינה,"ד""ר קריסטינה זסלבסקי",אונקולוגיה מסלול אונקולוגיה רפואית,אונקולוגיה,True
דבירי מיכל,"ד""ר מיכל דבירי",יילוד וגינקולוגיה,"גיל המעבר, טיפולי פוריות",False
אלסאנע מוחמד,"ד""ר מוחמד אלסאנע",,רפואת שיניים,False
רענני אהוד,פרופ’ אהוד רענני,כירורגיה של בית החזה,ניתוחי לב,False
עוויסאת הייתם,"ד""ר הייתם עוויסאת",כירורגיה כללית,כירורגיה כללית,True
פררו גיא,"ד""ר גיא פררו",דרמטולוגיה-מחלות עור ומין,רפואת עור ומין,False
טולקין ליאור,"ד""ר ליאור טולקין",אנדוקרינולוגיה,אנדוקרינולוגיה,True
בבין אלכס,"ד""ר אלכס בבין",,אסתטיקה רפואית,False
רום אייל,"ד""ר אייל רום",יילוד וגינקולוגיה,"כירורגיה גינקולוגית, אורוגינקולוגיה",False
הבר מיטל,"ד""ר מיטל הבר",דרמטולוגיה-מחלות עור ומין,רפואת עור ומין,False
סובח ראשאד,"ד""ר ראשאד סובח",גריאטריה,גריאטריה,True
מזאוי אליאס,"ד""ר אליאס מזאוי",כירורגיה אורתופדית,החלפות מפרקים,False
ערטול נעים,"ד""ר נעים ערטול",גסטרואנטרולוגיה,גסטרואנטרולוגיה,True
ברקוביץ אלדר,"ד""ר אלדר ברקוביץ",רפואת המשפחה,רפואה אסתטית,False
גפן רחל,"ד""ר רחל גפן",כירורגיה כללית,כירורגיה כללית,True
קרנר ארתור,"ד""ר ארתור קרנר",קרדיולוגיה,קרדיולוגיה פולשנית,True
עביד ראפת,"ד""ר ראפת עביד",נפרולוגיה,פנימית נפרולוגיה ויתר לחץ דם,True
קינן אורי,"ד""ר אורי קינן",כירורגיה אורתופדית,ניתוחי עמוד השדרה,False
סורקין ניר,פרופ' ניר סורקין,מחלות עיניים,מחלות עיניים,True
ביל ילנה,"ד""ר ילנה ביל",רפואה פנימית,המטולוגיה,False
ביל יבגני,"ד""ר יבגני ביל",כירורגיה כללית,פרוקטולוגיה,False
סטמפלר צחי,"ד""ר צחי סטמפלר",רפואת המשפחה,רפואת המשפחה,True
ברודנר יאנה,"ד""ר יאנה ברודנר",יילוד וגינקולוגיה,גינקולוגיה ומיילדות,False
לוי אברהם,"ד""ר אברהם לוי",כירורגיה פלסטית ואסתטית,כירורגיה פלסטית,True
עבוד לואי,"ד""ר לואי עבוד",נוירולוגיה,נוירולוגיה,True
שלבי סעיד,"ד""ר סעיד שלבי",רפואה פנימית,גריאטריה,False
שמידט מירב,"ד""ר מירב שמידט",יילוד וגינקולוגיה,גינקולוגיה אונקולוגית,False
ויגיסר יפעת,"ד""ר יפעת ויגיסר",נוירולוגיה,נוירולוגיה,True
כסיף יניר,"ד""ר יניר כסיף",מחלות עיניים,רפואת עיניים,False
אשקר אמיר,"ד""ר אמיר אשקר",,רפואה אסתטית,False
כהן חופית,"ד""ר חופית כהן",רפואה פנימית,אנדוקרינולוגיה,False
שפירא סופיה,"ד""ר סופיה שפירא",רפואה פנימית,אנדוקרינולוגיה,False
מרגל דוד,פרופ' דוד מרגל,כירורגיה אורולוגית,כירורגיה אורולוגית ואונקולוגית,True
שחאדה חביב,"ד""ר חביב שחאדה",,פסיכיאטריה,False
פלוטניק אירה,"ד""ר אירה פלוטניק",דרמטולוגיה-מחלות עור ומין,עור ומין,True
לוי יצחק,"ד""ר יצחק לוי",רפואת ילדים,אנדוקרינולוגיה ילדים,False
שאולי יעקב,"ד""ר יעקב שאולי",מחלות עיניים,רפואת עיניים ילדים,False
עודה עלאם,"ד""ר עלאם עודה",גריאטריה,גריאטריה,True
טנה דוד,פרופ' דוד טנה,נוירולוגיה,נוירולוגיה,True
קבאשה אנטון,"ד""ר אנטון קבאשה",כירורגית כלי דם,כירורגיית כלי דם,False
רביב שירה,"ד""ר שירה רביב",יילוד וגינקולוגיה,גינקולוגיה ומיילדות,False
גוטפרוינד שי,"ד""ר שי גוטפרוינד",מחלות עיניים,"קטרקט, קרנית",False
ישורון אלגית,"ד""ר אלגית ישורון",דרמטולוגיה-מחלות עור ומין,רפואת עור ומין,False
סלאמה כרים,"ד""ר כרים סלאמה",רפואה פנימית,יתר לחץ דם,False
סקרן נאסר,פרופ' נאסר סקרן,כירורגיה כללית,כירורגיה כללית,True
קוזמינסקי אלה,"ד""ר אלה קוזמינסקי",רפואת ילדים,נוירולוגיה ילדים,False
קשת יריב,"ד""ר יריב קשת",מחלות עיניים,רפואת עיניים,False
חי שגיא,"ד""ר שגיא חי",יילוד וגינקולוגיה,,False
סכס פהד,"ד""ר פהד סכס",רפואת המשפחה,רפואת משפחה,False
רוטנשטרייך משגב,"ד""ר משגב רוטנשטרייך",יילוד וגינקולוגיה,גינקולוגיה ומיילדות,False
ניר יהודית,"ד""ר יהודית ניר",אנדוקרינולוגיה ילדים,אנדוקרינולוגיה ילדים,True
אליצור ארנון,פרופ' ארנון אליצור,מחלות ריאה ילדים,"מחלות ריאה בילדים, אלרגיה/אימנולוגיה בילדים ומבוגרים",False
גרוס שמואל,"ד""ר שמואל גרוס",,רפואת ילדים,False
בוטבול יונתן,"ד""ר יונתן בוטבול",ראומטולוגיה מסלול ילדים,ראומטולוגיה ילדים,False
גרינהאוס לאון,פרופ' לאון גרינהאוס,פסיכיאטריה,פסיכיאטריה,True
דונצ'יק ולרי,"ד""ר ולרי דונצ'יק",כירורגית כלי דם,כירורגיית כלי דם,False
עזאם וסים,"ד""ר וסים עזאם",דרמטולוגיה-מחלות עור ומין,רפואת עור,False
ראט אהוד,פרופ' אהוד ראט,כירורגיה אורתופדית,אורתופדיה,False
כגנסקי דנה,"ד""ר דנה כגנסקי",רפואה פנימית,טיפול בהשמנה,False
רוזנבלט עמיר,"ד""ר עמיר רוזנבלט",מחלות עיניים,"רפואת עיניים, רפואת צלילה",False
כהן יעל,"ד""ר יעל כהן",המטולוגיה,גינקולוגיה ויילוד,False
מנסור יוסף,יוסף מנסור,כירורגיה אורתופדית,פיזיותרפיה,False
צפורי מוראד,"ד""ר מוראד צפורי",מחלות עיניים,רפואת עיניים,False
קאסם רביע,"ד""ר רביע קאסם",מחלות עיניים,רפואת עיניים,False
קוריטני אלכסנדר,"ד""ר אלכסנדר קוריטני",רפואה פנימית,גסטרואנטרולוגיה,False
זחאלקה עלאא,"ד""ר עלאא זחאלקה",כירורגיה כללית,כירורגיה כללית,True
גלעדי יורם,"ד""ר יורם גלעדי",יילוד וגינקולוגיה,גינקולוגיה ומיילדות,False
דאהר מחמוד,"ד""ר מחמוד דאהר",נפרולוגיה,נפרולוגיה,True
קריחלי דוד,"ד""ר דוד קריחלי",דרמטולוגיה-מחלות עור ומין,רפואת עור ומין,False
פל חני,"ד""ר חני פל",יילוד וגינקולוגיה,כירורגיה גינקולוגית,False
זלוטניק אורן,"ד""ר אורן זלוטניק",כירורגיה כללית,כירורגיה כללית,True
וסילנקו ולדימיר,"ד""ר ולדימיר וסילנקו",רפואה פנימית,קרדיולוגיה,False
סיאם בהאא,"ד""ר בהאא סיאם",כירורגיה כללית,כירורגיה כללית,True
שחם אנה,"ד""ר אנה שחם",פסיכיאטריה,פסיכיאטריה,True
ירדני דן,"ד""ר דן ירדני",כירורגית ילדים,כירורגיה ילדים,False
רמתי ארז,"ד""ר ארז רמתי",רפואה פנימית,"אנדוקרינולוגיה, סוכרת",False
ירון רם,"ד""ר רם ירון",כירורגיה אורתופדית,אורתופדיה של הכתף,False
ביתן אלכסנדרה,"ד""ר אלכסנדרה ביתן",אונקולוגיה  מסלול רדיותרפיה,נוירו-אונקולוגיה,False
מרקל גל,פרופ' גל מרקל,אונקולוגיה,אונקולוגיה רפואית של מלנומה וגידולי עור,True
פרידמן נמרוד,"ד""ר נמרוד פרידמן",כירורגיה פלסטית ואסתטית,כירורגיה פלסטית ואסתטית,True
אנדראוס ויסאם,"ד""ר ויסאם אנדראוס",רפואה פנימית,אלרגיה/אימונולוגיה,False
שיזף בעז,"ד""ר בעז שיזף",יילוד וגינקולוגיה,כירורגיה גינקולוגית,False
ארמה יובל,"ד""ר יובל ארמה",כירורגיה אורתופדית,אורתופדיית כתף וברך,False
רייכר מאיר,"ד""ר מאיר רייכר",קרדיולוגיה,קרדיולוגיה,True
איזנשטיין דמיטרי,"ד""ר דמיטרי איזנשטיין",כירורגיה אורתופדית,אורתופדיה עמוד שדרה,False
לוטן יובל,"ד""ר יובל לוטן",כירורגיה אורתופדית,אורתופדיה,False
דאוד מרואן,"ד""ר מרואן דאוד",דרמטולוגיה-מחלות עור ומין,רפואת עור ומין,False
קובו אלון,"ד""ר אלון קובו",כירורגיה אורתופדית,כירורגיה של היד.,False
פז אופיר,"ד""ר אופיר פז",רפואה פנימית,"קרדיולוגיה, אלקטופיזיולוגיה",False
סיאני גיא,"ד""ר גיא סיאני",רפואת ילדים,"הפרעות קשב וריכוז, התפתחות הילד, רפואת ילדים",True
סגלוביץ מתן,"ד""ר מתן סגלוביץ",כירורגיה פלסטית ואסתטית,כירורגיה פלסטית,True
לניאדו דוד,"ד""ר דוד לניאדו",כירורגיה אורתופדית,כירורגיה אורתופדית,True
זוביידאת עאמר,"ד""ר עאמר זוביידאת",גריאטריה,גריאטריה,True
נג'אר רונזא,"ד""ר רונזא נג'אר",מחלות זיהומיות,מחלות זיהומיות,True
רסין טובי,"ד""ר טובי רסין",רפואה פנימית,קרדיולוגיה,False
פאר מיכאל,"ד""ר מיכאל פאר",,כירורגית חזה,False
אופיר לירן,"ד""ר לירן אופיר",כירורגיה אורתופדית,כירורגיה אורתופדית וכירורגיה של היד,True
קראוס מרדכי,פרופ' מרדכי קראוס,מחלות אף אוזן וגרון,"אף, אוזן, גרון וכירורגיית ראש-צוואר",False
סוחוטניק איגור,פרופ' איגור סוחוטניק,כירורגית ילדים,כירורגיית ילדים,False
דיאב סאמר,"ד""ר סאמר דיאב",כירורגית בית החזה - מסלול כירורגית לב,כירורגית כלי דם,False
קוגלמן ניר,"ד""ר ניר קוגלמן",יילוד וגינקולוגיה,פיריון האישה,False
נג'אר עסמת,"ד""ר עסמת נג'אר",מחלות א.א.ג. וכירורגיית ראש-צוואר,אף אוזן גרון וניתוחי ראש וצוואר,False
רקדזון סתיו,"ד""ר סתיו רקדזון",רפואה פנימית,מחלות ריאה,False
רונת יהודית,"ד""ר יהודית רונת",פסיכיאטריה,פסיכיאטריה,True
מזרחי מתי,"ד""ר מתי מזרחי",מחלות א.א.ג. וכירורגיית ראש-צוואר,אף-אוזן-גרון וכירורגיית ראש וצוואר,False
ממלין אלה,"ד""ר אלה ממלין",מחלות אף אוזן וגרון,אף אוזן גרון,False
הולנד רועי,"ד""ר רועי הולנד",אונקולוגיה  מסלול רדיותרפיה,"גידולי ערמונית, שלפוחית השתן וסרטן השד",False
קובל אלכסנדר,"ד""ר אלכסנדר קובל",רפואת ילדים,רפואת ילדים,True
כהן רוני,"ד""ר רוני כהן",נוירולוגית ילדים והתפתחות הילד,גינקולוגיה ומיילדות,False
רוזנטל עדיה,"ד""ר עדיה רוזנטל",כירורגיה פלסטית ואסתטית,כירורגיה פלסטית,True
בטחיש יונס,"ד""ר יונס בטחיש",נפרולוגיה,נפרולוגיה,True
שפונט יאנה,"ד""ר יאנה שפונט",ראומטולוגיה,ראומטולוגיה,True
אסדי סאהר,"ד""ר סאהר אסדי",רדיולוגיה אבחנתית,דימות הבטן והאגן,False
לאוב אדם,"ד""ר אדם לאוב",נוירולוגיה,נוירולוגיה מבוגרים,True
גונן נעה,"ד""ר נעה גונן",יילוד וגינקולוגיה,גינקולוגיה ומיילדות,False
שמעוני עירית,"ד""ר עירית שמעוני",כירורגיה כללית,כירורגיית שד,False
קמר משה,"ד""ר משה קמר",כירורגיה כללית,כירורגיה כללית,True
רחאל פאדי,"ד""ר פאדי רחאל",נוירולוגיה,נוירולוגיה,True
כהן שרה,שרה כהן,,אוסטאופתיה,False
ריימן שלומי,"ד""ר שלומי ריימן",כירורגיה כללית,כירורגיה כללית,True
בלוך רות,"ד""ר רות בלוך",יילוד וגינקולוגיה,"רפואת נשים, אולטרה סאונד גינקולוגי",False
סמרי וליד,"ד""ר וליד סמרי",נוירולוגיה,נוירולוגיה,True
חילו וסים,"ד""ר וסים חילו",מחלות עיניים,עיניים,True
קורנייבסקי מיכאל,"ד""ר מיכאל קורנייבסקי",הרדמה,טיפול בכאב,False
רודניצקי ירון,"ד""ר ירון רודניצקי",כירורגיה כללית,כירורגיה כללית,True
טיבי פאדל,"ד""ר פאדל טיבי",רפואת ילדים,רפואת ילדים,True
נאסר רוני,"ד""ר רוני נאסר",רפואה פנימית,גסטרואנטרולוגיה,False
שלח מקבל,"ד""ר מקבל שלח",כירורגיה אורתופדית,כירורגיה אורתופדית,True
קוליש נורית,"ד""ר נורית קוליש",דרמטולוגיה-מחלות עור ומין,רפואת עור,False
גרוסמן יהונתן,"ד""ר יהונתן גרוסמן",קרדיולוגיה,קרדיולוגיה,True
יריב שחק,"ד""ר שחק יריב",פסיכיאטריה,פסיכיאטריה,True
וולפוביץ עמית,"ד""ר עמית וולפוביץ",מחלות א.א.ג. וכירורגיית ראש-צוואר,"אף אוזן גרון, ניתוחי ראש צוואר",False
מוסא מימון,"ד""ר מימון מוסא",יילוד וגינקולוגיה,סקירות מערכות,False
שוורץ מיכאל,"ד""ר מיכאל שוורץ",רדיולוגיה אבחנתית,כירופרקטיקה,False
גרינברג אריה,"ד""ר אריה גרינברג",,"אורתופדיה, החלפות מפרקים",False
גניזי יעקב,פרופ' יעקב גניזי,רפואת ילדים,נוירולוגית ילדים,False
נעמה כמאל,"ד""ר כמאל נעמה",,אסתטיקת פנים,False
דאוד דיב,"ד""ר דיב דאוד",רפואה פנימית,אנדוקרינולוגיה,False
פקטור שי,"ד""ר שי פקטור",כירורגיה של היד,"כירורגיה של היד, מיקרוכירורגיה של היד",True
שחאדה ג'יריס,"ד""ר ג'יריס שחאדה",רפואה פנימית,"קרדיולוגיה, אקו לב, מחלות מסתמי הלב, בעיות לב בהריון, מחלות לב איסכמיות",False
סקר חאדר,"ד""ר חאדר סקר",רפואה פנימית,נפרולוגיה,False
אלדדא מחמד,"ד""ר מחמד אלדדא",כירורגיה אורתופדית,כירורגיה אורתופדית,True
שוטלנד יחזקאל,"ד""ר יחזקאל שוטלנד",כירורגיה אורולוגית,חוות דעת אורולוגיות,False
פרקש אדם,"ד""ר אדם פרקש",רדיולוגיה אבחנתית,רדיולוגיה פולשנית,False
קולודי מרינה,"ד""ר מרינה קולודי",כירורגית בית החזה - מסלול כירורגית חזה כללית,ניתוחי חזה,False
מדינה אהרון,"ד""ר אהרון מדינה",קרדיולוגיה,קרדיולוגיה,True
נסים ליאור,"ד""ר ליאור נסים",רפואת המשפחה,רפואה אסתטית,False
רוזובסקי אורי,פרופ' אורי רוזובסקי,המטולוגיה,המטולוגיה,True
מחול חנא,"ד""ר חנא מחול",,אסתטיקת פנים,False
ג'ואברה בכר,"ד""ר בכר ג'ואברה",כירורגיה אורתופדית,אורתופדיה כללית,False
טילבור עינת,"ד""ר עינת טילבור",פסיכיאטריה,פסיכיאטריה,True
ביאדסה מוחמד,"ד""ר מוחמד ביאדסה",מחלות עיניים,מחלות עיניים,True
קהל מיכל,"ד""ר מיכל קהל",מחלות ריאה ילדים,מחלות ריאה ילדים,True
אמיר אברהם,"ד""ר אברהם אמיר",כירורגיה פלסטית ואסתטית,כירורגיה פלסטית,True
ניימן אריאל,"ד""ר אריאל ניימן",כירורגיה פלסטית ואסתטית,כירורגיה פלסטית,True
סלוק ליאור,"ד""ר ליאור סלוק",מחלות ריאה,מחלות ריאה,True
פרידמן מריה,"ד""ר מריה פרידמן",הרדמה,טיפול בכאב,False
איזקוב וורן,"ד""ר וורן איזקוב",רפואה פנימית,מחלות ריאה,False
רביב טל,"ד""ר טל רביב",דרמטולוגיה-מחלות עור ומין,רפואת עור ומין,False
שליט נטלי,"ד""ר נטלי שליט",רפואה לשיכוך כאב,"רפואה פנימית, שיכוך כאב",False
לויטס דינה,"ד""ר דינה לויטס",אונקולוגיה,אונקולוגיה,True
שמיה חוסיין,"ד""ר חוסיין שמיה",פסיכיאטריה,פסיכיאטריה,True
מלמד עידו,"ד""ר עידו מלמד",רפואת ילדים,הפרעות קשב וריכוז,False
אלון דניאל,"ד""ר דניאל אלון",הרדמה,טיפול בכאב,False
זינס ינאי,"ד""ר ינאי זינס",יילוד וגינקולוגיה,אורוגינקולוגיה,False
לברון יעקב,פרופ' יעקב לברון,יילוד וגינקולוגיה,"גינקולוגיה, פריון האישה",False
פרט דן,"ד""ר דן פרט",כירורגיה אורתופדית,כירורגיה אורתופדית,True
נפאע מג'די,"ד""ר מג'די נפאע",גריאטריה,גריאטריה,True
פאהום פיראס,"ד""ר פיראס פאהום",נוירולוגיה,נוירולוגיה,True
לוין אינה,"ד""ר אינה לוין",,פסיכיאטריה,False
ברונשטיין יגאל,"ד""ר יגאל ברונשטיין",כירורגיה אורתופדית,אורתופדית עמוד שדרה,False
דובקין איגור,"ד""ר איגור דובקין",כירורגיה כללית,כירורגיה כללית,True
לוין דניאל,"ד""ר דניאל לוין",כירורגיה אורתופדית,כירורגיה אורתופדית,True
קלמן איגור,"ד""ר איגור קלמן",פסיכיאטריה,"פסיכיאטריה, חוות דעת רפואיות",True
לוי ארז,"ד""ר ארז לוי",קרדיולוגיה,קרדיולוגיה,True
שניידר שי,"ד""ר שי שניידר",מחלות א.א.ג. וכירורגיית ראש-צוואר,"רינולוגיה, כירורגיה אנדוסקופית של האף, סינוסים ובסיס הגולגולת",False
לנדסברג רועי,פרופ' רועי לנדסברג,מחלות אף אוזן וגרון,"רינולוגיה, כירורגיה אנדוסקופית של האף, סינוסים ובסיס הגולגולת",False
פינקל ענבר,"ד""ר ענבר פינקל",אונקולוגיה מסלול אונקולוגיה רפואית,אף אוזן גרון וניתוחי ראש צוואר,False
כהן עודד,פרופ' עודד כהן,מחלות א.א.ג. וכירורגיית ראש-צוואר,כירורגייה אונקולוגית של ראש-צוואר,False
קורבסקי לב,"ד""ר לב קורבסקי",פסיכיאטריה,פסיכיאטריה,True
חורב יוחנן,"ד""ר יוחנן חורב",כירורגיה אורתופדית,החלפת ברך,False
קריסי חיים,פרופ' חיים קריסי,יילוד וגינקולוגיה,אורוגינקולוגיה וניתוחי רצפת האגן,False
עאמר קרם,"ד""ר קרם עאמר",רפואה פנימית,רפואה פנימית,True
מרקוסון ארז,"ד""ר ארז מרקוסון",קרדיולוגיה,"קרדיולוגיה, צנתורי לב",True
חאסקיה חסן,"ד""ר חסן חאסקיה",רדיולוגיה אבחנתית,רדיולוגיה אבחנתית,True
פשרסטניק מיכאל,"ד""ר מיכאל פשרסטניק",כירורגיה אורולוגית,כירורגיה אורולוגית,True
הימן אלון,"ד""ר אלון הימן",כירורגיה אורתופדית,אורתופדיה,False
גורדון נינה,"ד""ר נינה גורדון",יילוד וגינקולוגיה,רפואת נשים/גינקולוגיה,False
אלרם תמר,"ד""ר תמר אלרם",מנהל רפואי,גינקולוגיה ומיילדות,False
יניב דן,"ד""ר דן יניב",רפואת המשפחה,ירידה במשקל,False
פלד יאיר,פרופ' יאיר פלד,קרדיולוגיה,קרדיולוגיה,True
בר אריאל,"ד""ר אריאל בר",מחלות עיניים,ניתוחי עפעפיים,False
ויינריב מיכאל,"ד""ר מיכאל ויינריב",כירורגיה אורולוגית,כירורגיה אורולוגית,True
חדאד בשיר,"ד""ר בשיר חדאד",,רפואה אסתטית,False
ברכה מיכל,"ד""ר מיכל ברכה",כירורגיה כללית,כירורגיית שד,False
אודנהיימר דן,"ד""ר דן אודנהיימר",כירורגיה כללית,כירורגיה כללית,True
רוזן ליאורה,"ד""ר ליאורה רוזן",נוירולוגיה,נוירולוגיה,True
רוף עודד,"ד""ר עודד רוף",רפואת המשפחה,טיפול בבעיות שלא נמצא להן פתרון,False
סלוין עומר,"ד""ר עומר סלוין",כירורגיה אורתופדית,כירורגיית כף היד,False
כץ רן,פרופ' רן כץ,כירורגיה אורולוגית,כירורגיה אורולוגית,True
דלאל ראיד,"ד""ר ראיד דלאל",מחלות אף אוזן וגרון,אף אוזן גרון וכירורגיית ראש-צוואר,False
זליקובסקי אביגדור,פרופ' אביגדור זליקובסקי,כירורגית כלי דם,כירורגיית כלי דם,False
אורגיל מתן,"ד""ר מתן אורגיל",כירורגיה פלסטית ואסתטית,כירורגיה פלסטית,True
זמורה-בלוססקי אסנת,"ד""ר אסנת זמורה-בלוססקי",כירורגיה כללית,כירורגיית ילדים ונוער,False
רייף דניאל,"ד""ר דניאל רייף",,רפואת עור ומין,False
יעקובוביץ' דמיטרי,"ד""ר דמיטרי יעקובוביץ'",כירורגית כלי דם,כירורגית כלי דם,True
סנעאללה מוחמד,"ד""ר מוחמד סנעאללה",רפואה פנימית,רפואה אסתטית,False
גונן עופר,"ד""ר עופר גונן",יילוד וגינקולוגיה,פריון האישה,False
פולטייב ולדימיר,"ד""ר ולדימיר פולטייב",קרדיולוגיה,קרדיולוגיה,True
ספיבק אלכסנדר,"ד""ר אלכסנדר ספיבק",רפואה תעסוקתית,רפואה תעסוקתית,True
כמאל אוסאמה,"ד""ר אוסאמה כמאל",דרמטולוגיה-מחלות עור ומין,רפואת עור מבוגרים וילדים,False
רובינשטיין דניס,"ד""ר דניס רובינשטיין",כירורגיה אורתופדית,"אורתופדיה, החלפות מפרקים",False
שכטר אורית,"ד""ר אורית שכטר",דרמטולוגיה-מחלות עור ומין,עור ומין,True
אלנבוגן ערן,"ד""ר ערן אלנבוגן",דרמטולוגיה-מחלות עור ומין,רפואת עור ומין,False
ניצן אורי,"ד""ר אורי ניצן",רפואת המשפחה,פסיכיאטריה,False
נאסר פירוז,"ד""ר פירוז נאסר",נוירולוגית ילדים והתפתחות הילד,נוירולוגיה ילדים,False
סטנובסקי ירון,"ד""ר ירון סטנובסקי",קרדיולוגיה,קרדיולוגיה,True
מן ויטלי,"ד""ר ויטלי מן",מחלות עיניים,רפואת עיניים,False
חילו אליאס,"ד""ר אליאס חילו",קרדיולוגיה,"קרדיולוגיה, קרדיולוגיה פולשנית",True
קרסו שמי,פרופ’ שמי קרסו,רפואה פנימית,קרדיולוגיה בלתי פולשנית,False
עומר לואא,"ד""ר לואא עומר",מחלות עיניים,"רפואת עיניים, קרנית",False
ארמרניק שרון,"ד""ר שרון ארמרניק",מחלות עיניים,רפואת עיניים לילדים ופזילה,False
שקרה טטיאנה,"ד""ר טטיאנה שקרה",פסיכיאטריה,פסיכיאטריה,True
הרשקוביץ קורין,"ד""ר קורין הרשקוביץ",רפואת המשפחה,גריאטריה,False
אלמוגי גדעון,פרופ' גדעון אלמוגי,כירורגיה כללית,כירורגיה כללית,True
בירן מתן,"ד""ר מתן בירן",כירורגיה של היד,כירורגיה של היד,True
שוהם אביבית,"ד""ר אביבית שוהם",רדיולוגיה אבחנתית,רדיולוגיה פולשנית,False
רומננקו יעקב,"ד""ר יעקב רומננקו",רדיולוגיה אבחנתית,"רדיולוגיה אבחנתית, רדיולוגיה פולשנית",True
שנק מרינה,"ד""ר מרינה שנק",מחלות עיניים,רפואת עיניים,False
כץ אוהד,"ד""ר אוהד כץ",יילוד וגינקולוגיה,"גינקולוגיה, הריון ולידה, סקירה מוקדמת",False
ברודבקה מיכל,"ד""ר מיכל ברודבקה",ראומטולוגיה,ראומטולוגיה,True
תירוש דן,"ד""ר דן תירוש",יילוד וגינקולוגיה,אולטרה-סאונד מיילדותי וגינקולוגי,False
יונש מיכאל,פרופ' מיכאל יונש,רפואה פנימית,קרדיולוגיה,False
קליין קסניה,"ד""ר קסניה קליין",גריאטריה,גריאטריה,True
טורם מאיה,"ד""ר מאיה טורם",יילוד וגינקולוגיה,גינקולוגיה ומיילדות,False
רגנבוגן מיכאל,"ד""ר מיכאל רגנבוגן",מחלות עיניים,"רפואת עיניים, מחלות רשתית, ניתוחי קטרקט",False
שנקמן לואיס,פרופ' לואיס שנקמן,אנדוקרינולוגיה,"אנדוקרינולוגיה, רפואה פנימית",True
שטרן בנימין,"ד""ר בנימין שטרן",מחלות עיניים,"ניתוחי קטרקט, ניתוחי לייזר",False
דרורי יצחק,"ד""ר יצחק דרורי",רפואת המשפחה,טיפול בכאב,False
גלאובך אביטל,"ד""ר אביטל גלאובך",יילוד וגינקולוגיה,רפואת נשים/גינקולוגיה,False
וילנר ענבל,"ד""ר ענבל וילנר",יילוד וגינקולוגיה,"רפואת נשים, הריון בסיכון",False
חמוד מוחמד,"ד""ר מוחמד חמוד",כירורגיה כללית,פסיכיאטריה לילדים ובני נוער,False
אליאס שלמה,"ד""ר שלמה אליאס",כירורגיה אורתופדית,אורתופדיית כף רגל וקרסול,False
גבעון אורי,פרופ' אורי גבעון,כירורגיה אורתופדית,אורתופדיה ילדים,False
ביקלס יעקב,פרופ׳ יעקב ביקלס,כירורגיה אורתופדית,"אורתופדיה אונקולוגית, כירורגיה אורתופדית",True
חדד אביאל,"ד""ר אביאל חדד",מחלות עיניים,רפואת עיניים,False
דנו יצחק,"ד""ר יצחק דנו",מחלות אף אוזן וגרון,אף אוזן וגרון,True
חיים יעל,"ד""ר יעל חיים",רפואת המשפחה,רפואת שיניים לילדים,False
לובצקי ניר,פרופ' ניר לובצקי,כירורגיה כללית,"כירורגיית כבד, לבלב, כיס ודרכי מרה",False
ואטמאכר אלינה,"ד""ר אלינה ואטמאכר",,"סוכרת, טיפול בהשמנה",False
רוט יונתן,פרופ' יונתן רוט,נוירוכירורגיה,"נוירוכירורגיה מבוגרים , נוירוכירוגיה ילדים",True
עאזם פואד,פרופ' פואד עאזם,יילוד וגינקולוגיה,פריון האישה,False
שמאלי שמאלי,"ד""ר שמאלי שמאלי",מחלות עיניים,רפואת עיניים לילדים,False
קהת רינת,"ד""ר רינת קהת",מחלות עיניים,"רפואת עיניים, מחלות רשתית",False
גילת רון,"ד""ר רון גילת",כירורגיה אורתופדית,"פציעות ספורט, שימור המפרק",False
מאירסון מיכל,"ד""ר מיכל מאירסון",גריאטריה,גריאטריה,True
קסטל אושרת,"ד""ר אושרת קסטל",,רפואה אסתטית,False
טיומני אליזה,"ד""ר אליזה טיומני",גסטרואנטרולוגיה,גסטרואנטרולוגיה,True
קולב הדר,"ד""ר הדר קולב",נוירולוגיה,"נוירולוגיה, טרשת נפוצה",True
אמונץ סרגיי,"ד""ר סרגיי אמונץ",כירורגיה של בית החזה,ניתוחי לב,False
ויתקון רועי,"ד""ר רועי ויתקון",רפואה פנימית,המטולוגיה,False
הלוי בנימין,"ד""ר בנימין הלוי",מחלות עיניים,רפואת עיניים,False
פטרוניוס דן,"ד""ר דן פטרוניוס",דרמטולוגיה-מחלות עור ומין,"רפואת עור ומין, רפואה אסתטית",False
מרום אלעד,"ד""ר אלעד מרום",כירורגיה אורתופדית,אורתופדיית כתף,False
מילר רפאל,"ד""ר רפאל מילר",כירורגיה כללית,כירורגיה כללית,True
לוי אופיר,"ד""ר אופיר לוי",נוירולוגיה,נוירולוגיה,True
סמחאת חוסיין,"ד""ר חוסיין סמחאת",כירורגיה אורתופדית,החלפת מפרק ברך וירך,False
רוזנברג ניקול,"ד""ר ניקול רוזנברג",נוירולוגיה,נוירולוגיה,True
ציפרמן לימור,"ד""ר לימור ציפרמן",רפואת המשפחה,גריאטריה,False
פז טל,"ד""ר טל פז",מחלות עיניים,"רפואת עיניים, נוירואופתלמולוגיה",False
טאהא מוחמד,"ד""ר מוחמד טאהא",מחלות א.א.ג. וכירורגיית ראש-צוואר,"רפואה אסתטית, טיפולי הזרקות",False
סאבא ג'ורג',"ד""ר ג'ורג' סאבא",,טיפולים אסתטיים,False
קליין אמיר,"ד""ר אמיר קליין",גסטרואנטרולוגיה,גסטרואנטרולוגיה,True
אגבאריה אלטייב,"ד""ר אלטייב אגבאריה",כירורגיה אורתופדית,אורתופדיה ברכיים,False
אזרחי דוד,"ד""ר דוד אזרחי",מחלות עיניים,רפואת עיניים,False
לוין דן,"ד""ר דן לוין",יילוד וגינקולוגיה,גינקולוגיה ופריון,False
גרניאק אלכסנדר,"ד""ר אלכסנדר גרניאק",רדיולוגיה אבחנתית,רדיולוגיה אבחנתית,True
סוקול יבגניה,"ד""ר יבגניה סוקול",ראומטולוגיה,ראומטולוגיה,True
